SID,NAME,ISO_TIME,LAT,LON,WMO_WIND,WMO_PRES,BASIN,SEASON,NUMBER,dist_to_pr_km,impact_next30,distance_km_poly
1996248N15319,HORTENSE,1996-09-03 12:00:00,14.9,-41.0,25,1006,,1996,75,2750.000319100978,0,2645.8110725995293
1996248N15319,HORTENSE,1996-09-03 15:00:00,14.9,-41.9, , ,,1996,75,2655.184315924901,0,2546.56468370081
1996248N15319,HORTENSE,1996-09-03 18:00:00,14.9,-42.7,30,1006,,1996,75,2570.94765922769,0,2458.4097678702396
1996248N15319,HORTENSE,1996-09-03 21:00:00,14.9,-43.4, , ,,1996,75,2497.2794417558616,0,2381.322712615294
1996248N15319,HORTENSE,1996-09-04 00:00:00,14.8,-44.1,30,1006,,1996,75,2425.9662071151533,0,2306.052158888872
1996248N15319,HORTENSE,1996-09-04 03:00:00,14.7,-44.8, , ,,1996,75,2354.815234622743,0,2231.022354871361
1996248N15319,HORTENSE,1996-09-04 06:00:00,14.7,-45.4,30,1006,,1996,75,2291.8513416036185,0,2165.2002131447944
1996248N15319,HORTENSE,1996-09-04 09:00:00,14.6,-46.0, , ,,1996,75,2231.4512705457287,0,2101.514752656802
1996248N15319,HORTENSE,1996-09-04 12:00:00,14.6,-46.6,30,1006,,1996,75,2168.6267808347184,0,2035.888010796413
1996248N15319,HORTENSE,1996-09-04 15:00:00,14.6,-47.1, , ,,1996,75,2116.318772323976,0,1981.2585366873914
1996248N15319,HORTENSE,1996-09-04 18:00:00,14.7,-47.5,30,1006,,1996,75,2071.8790632996324,0,1935.3459691584453
1996248N15319,HORTENSE,1996-09-04 21:00:00,14.8,-47.9, , ,,1996,75,2027.4601186596637,0,1889.4361769689506
1996248N15319,HORTENSE,1996-09-05 00:00:00,14.9,-48.4,30,1006,,1996,75,1972.6043065886718,0,1832.6013076359125
1996248N15319,HORTENSE,1996-09-05 03:00:00,14.9,-48.9, , ,,1996,75,1920.343146197526,0,1777.9984819160559
1996248N15319,HORTENSE,1996-09-05 06:00:00,14.8,-49.5,30,1006,,1996,75,1860.3865397727955,0,1714.9563108470531
1996248N15319,HORTENSE,1996-09-05 09:00:00,14.7,-50.3, , ,,1996,75,1779.9086303516233,0,1630.6068609825547
1996248N15319,HORTENSE,1996-09-05 12:00:00,14.5,-51.1,30,1006,,1996,75,1702.9330755636213,0,1549.7129711502862
1996248N15319,HORTENSE,1996-09-05 15:00:00,14.4,-51.9, , ,,1996,75,1623.5906643814137,0,1466.8325041689654
1996248N15319,HORTENSE,1996-09-05 18:00:00,14.3,-52.6,30,1006,,1996,75,1555.1055480809912,0,1395.4387967667487
1996248N15319,HORTENSE,1996-09-05 21:00:00,14.3,-53.2, , ,,1996,75,1493.783372984222,0,1331.8073351230844
1996248N15319,HORTENSE,1996-09-06 00:00:00,14.4,-53.6,30,1006,,1996,75,1449.4076716621394,0,1285.91788119779
1996248N15319,HORTENSE,1996-09-06 03:00:00,14.5,-54.0, , ,,1996,75,1405.052058791504,0,1240.0339896367302
1996248N15319,HORTENSE,1996-09-06 06:00:00,14.6,-54.3,30,1006,,1996,75,1370.9026436757292,0,1204.7153269477653
1996248N15319,HORTENSE,1996-09-06 09:00:00,14.7,-54.7, , ,,1996,75,1326.5813227831554,0,1158.8352307031992
1996248N15319,HORTENSE,1996-09-06 12:00:00,14.7,-55.1,30,1006,,1996,75,1285.912834423261,0,1116.706720650013
1996248N15319,HORTENSE,1996-09-06 15:00:00,14.8,-55.4, , ,,1996,75,1251.7913345839324,0,1081.382939801747
1996248N15319,HORTENSE,1996-09-06 18:00:00,14.9,-55.7,30,1006,,1996,75,1217.6837287552692,0,1046.0574281003185
1996248N15319,HORTENSE,1996-09-06 21:00:00,15.1,-56.3, , ,,1996,75,1149.5108276817814,0,975.4011593512103
1996248N15319,HORTENSE,1996-09-07 00:00:00,15.2,-57.0,30,1006,,1996,75,1074.9183546642503,0,898.1323566179149
1996248N15319,HORTENSE,1996-09-07 03:00:00,15.3,-57.7, , ,,1996,75,1000.5110256338097,0,821.0927030631086
1996248N15319,HORTENSE,1996-09-07 06:00:00,15.4,-58.3,35,1005,,1996,75,936.3447370162959,0,754.7215752276222
1996248N15319,HORTENSE,1996-09-07 09:00:00,15.5,-59.0, , ,,1996,75,862.3658251220307,0,678.4071717980642
1996248N15319,HORTENSE,1996-09-07 12:00:00,15.6,-59.6,40,1004,,1996,75,798.6034385502599,0,612.7859766428058
1996248N15319,HORTENSE,1996-09-07 15:00:00,15.7,-60.0, , ,,1996,75,754.7857771384753,0,567.5881507315331
1996248N15319,HORTENSE,1996-09-07 18:00:00,15.8,-60.4,40,1000,,1996,75,711.0279586541565,0,522.4842369628163
1996248N15319,HORTENSE,1996-09-07 21:00:00,16.0,-60.8, , ,,1996,75,662.9681923289455,0,472.30781158735414
1996248N15319,HORTENSE,1996-09-08 00:00:00,16.1,-61.2,50,996,,1996,75,619.2688916395084,0,427.358480670785
1996248N15319,HORTENSE,1996-09-08 03:00:00,16.1,-61.6, , ,,1996,75,580.2050753453797,0,388.4257800309189
1996248N15319,HORTENSE,1996-09-08 06:00:00,16.1,-62.0,55,996,,1996,75,541.6570122143436,0,350.5738342204738
1996248N15319,HORTENSE,1996-09-08 09:00:00,16.1,-62.4, , ,,1996,75,503.74330031029336,0,314.3178397427108
1996248N15319,HORTENSE,1996-09-08 12:00:00,16.1,-62.8,60,996,,1996,75,466.6187730410112,0,280.0763223602266
1996248N15319,HORTENSE,1996-09-08 15:00:00,16.1,-63.2, , ,,1996,75,430.4878307196506,0,248.53135324866375
1996248N15319,HORTENSE,1996-09-08 18:00:00,16.1,-63.6,60,991,,1996,75,395.6229639342998,0,220.6190125573686
1996248N15319,HORTENSE,1996-09-08 21:00:00,16.1,-63.9, , ,,1996,75,370.5208261047274,0,202.85360652749947
1996248N15319,HORTENSE,1996-09-09 00:00:00,16.1,-64.1,60,990,,1996,75,354.39098482835755,0,192.88183265790923
1996248N15319,HORTENSE,1996-09-09 03:00:00,16.1,-64.3, , ,,1996,75,338.82604301411783,0,184.60084293046654
1996248N15319,HORTENSE,1996-09-09 06:00:00,16.1,-64.5,70,987,,1996,75,323.90746507161305,0,178.17691311665845
1996248N15319,HORTENSE,1996-09-09 09:00:00,16.2,-64.7, , ,,1996,75,301.3135087874293,0,162.3259188241616
1996248N15319,HORTENSE,1996-09-09 12:00:00,16.3,-65.0,70,985,,1996,75,272.257271557833,0,148.04156219338066
1996248N15319,HORTENSE,1996-09-09 15:00:00,16.4,-65.3, , ,,1996,75,244.43028272545317,0,139.4176500731966
1996248N15319,HORTENSE,1996-09-09 18:00:00,16.6,-65.6,70,990,,1996,75,208.60377073219612,0,114.15075663927757
1996248N15319,HORTENSE,1996-09-09 21:00:00,16.8,-65.8, , ,,1996,75,178.82616707552404,0,87.19236945805298
1996248N15319,HORTENSE,1996-09-10 00:00:00,17.1,-66.1,70,989,,1996,75,135.01255596889985,0,45.91872702026921
1996248N15319,HORTENSE,1996-09-10 03:00:00,17.6,-66.5, , ,,1996,75,69.68496542180877,1,0.0
1996248N15319,HORTENSE,1996-09-10 06:00:00,18.0,-66.9,70,989,,1996,75,40.93281684217856,1,0.0
1996248N15319,HORTENSE,1996-09-10 09:00:00,18.2,-67.4, , ,,1996,75,85.57749819984744,1,0.0
1996248N15319,HORTENSE,1996-09-10 12:00:00,18.3,-67.8,65,989,,1996,75,128.06279740382857,1,0.0
1996248N15319,HORTENSE,1996-09-10 15:00:00,18.6,-68.1, , ,,1996,75,164.78528253262905,0,4.081150982022381
1996248N15319,HORTENSE,1996-09-10 18:00:00,18.9,-68.4,65,990,,1996,75,205.18672858937651,0,50.152077804985154
1996248N15319,HORTENSE,1996-09-10 21:00:00,19.2,-68.7, , ,,1996,75,247.44913067917105,0,97.8175353886582
1996248N15319,HORTENSE,1996-09-11 00:00:00,19.5,-68.9,70,982,,1996,75,281.6127554364935,0,139.6082200873979
1996248N15319,HORTENSE,1996-09-11 03:00:00,19.8,-69.2, , ,,1996,75,325.74731932512447,0,187.8263957366298
1996248N15319,HORTENSE,1996-09-11 06:00:00,20.1,-69.5,75,975,,1996,75,370.2249268105296,0,236.28810663432546
1996248N15319,HORTENSE,1996-09-11 09:00:00,20.5,-69.8, , ,,1996,75,421.42667105459515,0,294.2986676339981
1996248N15319,HORTENSE,1996-09-11 12:00:00,20.9,-70.1,90,971,,1996,75,473.2448934777001,0,352.41262455151247
1996248N15319,HORTENSE,1996-09-11 15:00:00,21.3,-70.4, , ,,1996,75,525.4807578299759,0,410.63797121609736
1996248N15319,HORTENSE,1996-09-11 18:00:00,21.6,-70.6,95,970,,1996,75,562.9043300185795,0,452.733549891643
1996248N15319,HORTENSE,1996-09-11 21:00:00,22.0,-70.9, , ,,1996,75,615.6263584896711,0,511.1605074875495
1996248N15319,HORTENSE,1996-09-12 00:00:00,22.3,-71.1,100,967,,1996,75,653.3904466698797,0,553.4275910453057
1996248N15319,HORTENSE,1996-09-12 03:00:00,22.6,-71.3, , ,,1996,75,691.2698444231129,0,595.7734505664021
1996248N15319,HORTENSE,1996-09-12 06:00:00,23.0,-71.4,105,962,,1996,75,729.9245730147483,0,641.882510578607
1996248N15319,HORTENSE,1996-09-12 09:00:00,23.4,-71.6, , ,,1996,75,776.232862100865,0,694.5924833416598
1996248N15319,HORTENSE,1996-09-12 12:00:00,23.9,-71.8,115,959,,1996,75,831.0747940011598,0,757.817128054239
1996248N15319,HORTENSE,1996-09-12 15:00:00,24.3,-71.9, , ,,1996,75,871.3652044208518,0,805.2707174304273
1996248N15319,HORTENSE,1996-09-12 18:00:00,24.7,-71.8,115,946,,1996,75,899.5873803002867,0,842.129516452624
1996248N15319,HORTENSE,1996-09-12 21:00:00,25.3,-71.7, , ,,1996,75,947.3981897405642,0,902.5140718047816
1996248N15319,HORTENSE,1996-09-13 00:00:00,25.9,-71.5,120,935,,1996,75,992.2457800254913,0,958.0493046603818
1996248N15319,HORTENSE,1996-09-13 03:00:00,26.5,-71.5, , ,,1996,75,1049.6431706688932,0,1025.2234223311373
1996248N15319,HORTENSE,1996-09-13 06:00:00,27.2,-71.4,115,942,,1996,75,1113.3358704783848,0,1100.9690223714779
1996248N15319,HORTENSE,1996-09-13 09:00:00,28.0,-71.2, , ,,1996,75,1184.8439945543219,0,1186.9595993575456
1996248N15319,HORTENSE,1996-09-13 12:00:00,29.0,-70.9,100,948,,1996,75,1276.143004735208,0,1295.3968981973135
1996248N15319,HORTENSE,1996-09-13 15:00:00,30.0,-70.6, , ,,1996,75,1371.2148110399837,0,1408.2746162630212
1996248N15319,HORTENSE,1996-09-13 18:00:00,31.0,-70.3,100,948,,1996,75,1469.3165880670724,0,1525.4064621317912
1996248N15319,HORTENSE,1996-09-13 21:00:00,32.1,-69.9, , ,,1996,75,1578.5520658998155,0,1657.1107627353172
1996248N15319,HORTENSE,1996-09-14 00:00:00,33.3,-69.5,90,948,,1996,75,1701.6187562866764,0,1806.5742642857417
1996248N15319,HORTENSE,1996-09-14 03:00:00,34.6,-69.0, , ,,1996,75,1836.842112765061,0,1972.7779827265192
1996248N15319,HORTENSE,1996-09-14 06:00:00,35.9,-68.4,90,955,,1996,75,1973.8742140176903,0,2143.7015790880696
1996248N15319,HORTENSE,1996-09-14 09:00:00,37.1,-67.8, , ,,1996,75,2102.594378249821,0,2306.368808603783
1996248N15319,HORTENSE,1996-09-14 12:00:00,38.5,-67.1,85,960,,1996,75,2255.485197749683,0,2502.2704571283693
1996248N15319,HORTENSE,1996-09-14 15:00:00,40.3,-66.2, , ,,1996,75,2455.379598230367,0,2763.2915635594973
1996248N15319,HORTENSE,1996-09-14 18:00:00,42.0,-65.2,75,960,,1996,75,2647.4069539402703,0,3018.4453916145917
1996248N15319,HORTENSE,1996-09-14 21:00:00,43.4,-64.2, , ,,1996,75,2808.776502706857,0,3236.780954581062
1996248N15319,HORTENSE,1996-09-15 00:00:00,44.3,-63.3,70,970,,1996,75,2916.071193121683,0,3383.1972394986255
1996248N15319,HORTENSE,1996-09-15 03:00:00,44.8,-62.5,70,978,,1996,75,2979.8214900832104,0,3469.8786145332556
1996248N15319,HORTENSE,1996-09-15 06:00:00,45.5,-61.5,65,980,,1996,75,3069.6043025550875,0,3593.059764793563
1996248N15319,HORTENSE,1996-09-15 09:00:00,46.0,-60.5, , ,,1996,75,3139.4307511169736,0,3688.4510212024757
1996248N15319,HORTENSE,1996-09-15 12:00:00,46.3,-59.1,60,982,,1996,75,3197.2302401212846,0,3762.7347649840945
1996248N15319,HORTENSE,1996-09-15 15:00:00,46.2,-56.9, , ,,1996,75,3236.2205064983973,0,3798.5108997553652
1996248N15319,HORTENSE,1996-09-15 18:00:00,46.0,-55.0,40,996,,1996,75,3268.059649715201,0,3824.160197394663
1996248N15319,HORTENSE,1996-09-15 21:00:00,46.0,-54.5, , ,,1996,75,3283.3645213239333,0,3840.905953636789
1996248N15319,HORTENSE,1996-09-16 00:00:00,46.0,-54.0,40,998,,1996,75,3299.2371790982456,0,3858.382029885418
1996248N15319,HORTENSE,1996-09-16 03:00:00,45.6,-52.4, , ,,1996,75,3314.3900722486883,0,3859.379680608258
1996248N15319,HORTENSE,1996-09-16 06:00:00,45.0,-50.0,35,999,,1996,75,3351.557277834012,0,3878.8566340829175
1998259N10335,GEORGES,1998-09-15 12:00:00,9.7,-25.1,30,1009,,1998,62,4565.666442605714,0,4492.628978678828
1998259N10335,GEORGES,1998-09-15 15:00:00,9.7,-25.8, , ,,1998,62,4492.185357111432,0,4416.4707069877295
1998259N10335,GEORGES,1998-09-15 18:00:00,9.8,-26.5,30,1009,,1998,62,4415.528574327062,0,4337.935682102676
1998259N10335,GEORGES,1998-09-15 21:00:00,9.9,-27.3, , ,,1998,62,4328.408246977088,0,4248.539026902669
1998259N10335,GEORGES,1998-09-16 00:00:00,10.0,-28.1,30,1009,,1998,62,4241.320143048055,0,4159.157678731974
1998259N10335,GEORGES,1998-09-16 03:00:00,10.1,-28.9, , ,,1998,62,4154.265474100342,0,4069.7926667325687
1998259N10335,GEORGES,1998-09-16 06:00:00,10.3,-29.7,30,1009,,1998,62,4064.025481541127,0,3977.941596982581
1998259N10335,GEORGES,1998-09-16 09:00:00,10.4,-30.5, , ,,1998,62,3977.034526442776,0,3888.587327779482
1998259N10335,GEORGES,1998-09-16 12:00:00,10.6,-31.3,35,1005,,1998,62,3886.8705899471192,0,3796.7276733416065
1998259N10335,GEORGES,1998-09-16 15:00:00,10.8,-32.1, , ,,1998,62,3796.754812036827,0,3704.8662110755586
1998259N10335,GEORGES,1998-09-16 18:00:00,11.0,-32.9,35,1003,,1998,62,3706.688311999162,0,3613.0030163252836
1998259N10335,GEORGES,1998-09-16 21:00:00,11.1,-33.7, , ,,1998,62,3619.8255881298983,0,3523.6463383848827
1998259N10335,GEORGES,1998-09-17 00:00:00,11.3,-34.6,45,1000,,1998,62,3519.383655109723,0,3420.9203543932776
1998259N10335,GEORGES,1998-09-17 03:00:00,11.5,-35.4, , ,,1998,62,3429.452495151963,0,3329.044199969788
1998259N10335,GEORGES,1998-09-17 06:00:00,11.7,-36.3,50,997,,1998,62,3329.121594582384,0,3226.3110251854337
1998259N10335,GEORGES,1998-09-17 09:00:00,11.9,-37.2, , ,,1998,62,3228.8494082454063,0,3123.5742034949644
1998259N10335,GEORGES,1998-09-17 12:00:00,12.0,-38.1,55,994,,1998,62,3131.736590724716,0,3023.381243217377
1998259N10335,GEORGES,1998-09-17 15:00:00,12.2,-39.0, , ,,1998,62,3031.5687673729008,0,2920.6397013603446
1998259N10335,GEORGES,1998-09-17 18:00:00,12.3,-40.0,65,987,,1998,62,2924.1377047098345,0,2809.65716972391
1998259N10335,GEORGES,1998-09-17 21:00:00,12.4,-41.0, , ,,1998,62,2816.7979529762874,0,2698.7494549198304
1998259N10335,GEORGES,1998-09-18 00:00:00,12.5,-42.0,70,984,,1998,62,2709.557444102,0,2587.9262240642165
1998259N10335,GEORGES,1998-09-18 03:00:00,12.6,-43.0, , ,,1998,62,2602.4252897675005,0,2477.179620631493
1998259N10335,GEORGES,1998-09-18 06:00:00,12.8,-43.9,80,977,,1998,62,2502.542582970423,0,2374.457445621184
1998259N10335,GEORGES,1998-09-18 09:00:00,12.9,-44.8, , ,,1998,62,2405.959029733777,0,2274.592832022256
1998259N10335,GEORGES,1998-09-18 12:00:00,13.1,-45.7,85,973,,1998,62,2306.2066375077206,0,2171.8850765372435
1998259N10335,GEORGES,1998-09-18 15:00:00,13.3,-46.6, , ,,1998,62,2206.525811069149,0,2069.177775074139
1998259N10335,GEORGES,1998-09-18 18:00:00,13.5,-47.4,90,970,,1998,62,2117.264076909965,0,1977.2305998341246
1998259N10335,GEORGES,1998-09-18 21:00:00,13.7,-48.2, , ,,1998,62,2028.0658980960718,0,1885.278734554496
1998259N10335,GEORGES,1998-09-19 00:00:00,13.9,-49.0,90,970,,1998,62,1938.9324086759136,0,1793.3221130481145
1998259N10335,GEORGES,1998-09-19 03:00:00,14.1,-49.8, , ,,1998,62,1849.8647554538761,0,1701.3606719199363
1998259N10335,GEORGES,1998-09-19 06:00:00,14.4,-50.6,95,965,,1998,62,1757.7394500352175,0,1606.4743461074586
1998259N10335,GEORGES,1998-09-19 09:00:00,14.6,-51.3, , ,,1998,62,1679.1711173586204,0,1525.2762125503853
1998259N10335,GEORGES,1998-09-19 12:00:00,14.9,-52.0,110,954,,1998,62,1597.6873094865448,0,1441.266855633239
1998259N10335,GEORGES,1998-09-19 15:00:00,15.2,-52.7, , ,,1998,62,1516.4347768891155,0,1357.3554846902873
1998259N10335,GEORGES,1998-09-19 18:00:00,15.4,-53.5,125,949,,1998,62,1427.7967326142925,0,1265.3750698763179
1998259N10335,GEORGES,1998-09-19 21:00:00,15.6,-54.2, , ,,1998,62,1349.6180206758027,0,1184.2298485770093
1998259N10335,GEORGES,1998-09-20 00:00:00,15.7,-54.9,130,939,,1998,62,1274.2426205672261,0,1105.7379364539015
1998259N10335,GEORGES,1998-09-20 03:00:00,15.9,-55.6, , ,,1998,62,1196.1798203846142,0,1024.5764554727489
1998259N10335,GEORGES,1998-09-20 06:00:00,16.0,-56.3,135,937,,1998,62,1120.8883581416408,0,946.0951125486716
1998259N10335,GEORGES,1998-09-20 09:00:00,16.1,-57.0, , ,,1998,62,1045.6585811656123,0,867.6660587888053
1998259N10335,GEORGES,1998-09-20 12:00:00,16.2,-57.7,130,939,,1998,62,970.4973090939354,0,789.2692630353639
1998259N10335,GEORGES,1998-09-20 15:00:00,16.3,-58.5, , ,,1998,62,885.1078150772066,0,700.1944453532167
1998259N10335,GEORGES,1998-09-20 18:00:00,16.4,-59.2,115,956,,1998,62,810.1384227355012,0,622.0228644554002
1998259N10335,GEORGES,1998-09-20 21:00:00,16.5,-59.9, , ,,1998,62,735.2808735557726,0,544.025803317995
1998259N10335,GEORGES,1998-09-21 00:00:00,16.7,-60.6,100,963,,1998,62,657.4492983581799,0,462.71686367109135
1998259N10335,GEORGES,1998-09-21 03:00:00,16.9,-61.3, , ,,1998,62,579.6987633582611,0,381.4024520892376
1998259N10335,GEORGES,1998-09-21 04:30:00,17.0,-61.7,100,966,,1998,62,535.7280575016318,0,335.43789416230493
1998259N10335,GEORGES,1998-09-21 06:00:00,17.1,-62.1,100,966,,1998,62,491.77867514389527,0,289.49009978789405
1998259N10335,GEORGES,1998-09-21 08:00:00,17.2,-62.6,100,966,,1998,62,437.61314983820205,0,233.06524977316118
1998259N10335,GEORGES,1998-09-21 09:00:00,17.2,-62.9, , ,,1998,62,407.00880529897046,0,201.73453653387085
1998259N10335,GEORGES,1998-09-21 12:00:00,17.4,-63.6,95,966,,1998,62,329.43750832856813,0,120.90278771329
1998259N10335,GEORGES,1998-09-21 15:00:00,17.6,-64.3, , ,,1998,62,251.94496961043154,0,40.918985394736644
1998259N10335,GEORGES,1998-09-21 18:00:00,17.8,-65.0,90,970,,1998,62,174.53533474797698,1,0.0
1998259N10335,GEORGES,1998-09-21 21:00:00,18.0,-65.6, , ,,1998,62,107.48148686509145,1,0.0
1998259N10335,GEORGES,1998-09-21 22:00:00,18.1,-65.8,100,968,,1998,62,84.55253707079925,1,0.0
1998259N10335,GEORGES,1998-09-22 00:00:00,18.2,-66.3,90,970,,1998,62,30.729194470881758,1,0.0
1998259N10335,GEORGES,1998-09-22 03:00:00,18.1,-66.9, , ,,1998,62,35.39094222339947,1,0.0
1998259N10335,GEORGES,1998-09-22 06:00:00,18.0,-67.4,95,972,,1998,62,89.046752158317,1,0.0
1998259N10335,GEORGES,1998-09-22 09:00:00,18.1,-67.8, , ,,1998,62,128.53677423641307,1,0.0
1998259N10335,GEORGES,1998-09-22 12:00:00,18.2,-68.5,105,964,,1998,62,201.74699625919283,0,11.264187026837355
1998259N10335,GEORGES,1998-09-22 12:30:00,18.2,-68.7,105,962,,1998,62,222.8705751607023,0,33.49462689604356
1998259N10335,GEORGES,1998-09-22 15:00:00,18.3,-69.3, , ,,1998,62,286.2858167193063,0,100.97296063029805
1998259N10335,GEORGES,1998-09-22 18:00:00,18.6,-69.7,95,970,,1998,62,330.7998068637911,0,151.385029567563
1998259N10335,GEORGES,1998-09-22 21:00:00,18.7,-70.2, , ,,1998,62,384.45020587283955,0,208.18579243279012
1998259N10335,GEORGES,1998-09-23 00:00:00,18.8,-70.8,70,980,,1998,62,448.53712882643623,0,275.83823919363243
1998259N10335,GEORGES,1998-09-23 03:00:00,18.9,-71.4, , ,,1998,62,512.5940350889392,0,343.5576604430021
1998259N10335,GEORGES,1998-09-23 06:00:00,19.0,-72.1,65,990,,1998,62,587.0369640064498,0,422.1938916511975
1998259N10335,GEORGES,1998-09-23 09:00:00,19.1,-72.7, , ,,1998,62,651.0180398234241,0,489.98041614048344
1998259N10335,GEORGES,1998-09-23 12:00:00,19.3,-73.3,65,996,,1998,62,716.5317626635906,0,560.2493596212275
1998259N10335,GEORGES,1998-09-23 15:00:00,19.5,-73.9, , ,,1998,62,782.1488911332783,0,630.6506071234028
1998259N10335,GEORGES,1998-09-23 18:00:00,19.8,-74.3,65,994,,1998,62,829.2496170087966,0,682.632858047834
1998259N10335,GEORGES,1998-09-23 21:00:00,20.0,-74.5, , ,,1998,62,854.1791229641536,0,710.5215582109303
1998259N10335,GEORGES,1998-09-23 21:30:00,20.1,-74.5,65,993,,1998,62,856.5733326157286,0,713.9572968260948
1998259N10335,GEORGES,1998-09-24 00:00:00,20.5,-74.9,65,992,,1998,62,907.7024390055898,0,771.2617928833847
1998259N10335,GEORGES,1998-09-24 03:00:00,20.7,-75.4, , ,,1998,62,963.7222679948587,0,831.6890435832692
1998259N10335,GEORGES,1998-09-24 06:00:00,20.8,-76.0,65,991,,1998,62,1026.8769503585659,0,898.6103287155795
1998259N10335,GEORGES,1998-09-24 09:00:00,21.0,-76.6, , ,,1998,62,1092.8026505745734,0,969.524550899793
1998259N10335,GEORGES,1998-09-24 12:00:00,21.3,-77.2,70,990,,1998,62,1161.5392777286304,0,1044.4512730837384
1998259N10335,GEORGES,1998-09-24 15:00:00,21.6,-77.6, , ,,1998,62,1210.4272492829248,0,1098.685582484619
1998259N10335,GEORGES,1998-09-24 18:00:00,21.9,-78.0,75,989,,1998,62,1259.5250439852725,0,1153.2326356658602
1998259N10335,GEORGES,1998-09-24 21:00:00,22.3,-78.5, , ,,1998,62,1321.9936031771338,0,1222.8975569380175
1998259N10335,GEORGES,1998-09-25 00:00:00,22.7,-79.0,80,987,,1998,62,1384.75867618104,0,1293.013202633785
1998259N10335,GEORGES,1998-09-25 03:00:00,23.1,-79.6, , ,,1998,62,1457.400607083032,0,1373.690881324566
1998259N10335,GEORGES,1998-09-25 06:00:00,23.4,-80.2,85,986,,1998,62,1526.3254336784191,0,1449.539065553785
1998259N10335,GEORGES,1998-09-25 09:00:00,23.6,-80.8, , ,,1998,62,1591.4230351373778,0,1520.3875516606877
1998259N10335,GEORGES,1998-09-25 12:00:00,23.9,-81.3,90,982,,1998,62,1650.5411796522603,0,1586.1752433451943
1998259N10335,GEORGES,1998-09-25 15:00:00,24.4,-81.7, , ,,1998,62,1707.864962094189,0,1652.5490103232016
1998259N10335,GEORGES,1998-09-25 15:30:00,24.5,-81.8,90,981,,1998,62,1721.2872784908218,0,1667.9269831457261
1998259N10335,GEORGES,1998-09-25 18:00:00,24.6,-82.4,90,975,,1998,62,1781.9893465354317,0,1733.3530855220042
1998259N10335,GEORGES,1998-09-25 21:00:00,24.7,-82.9, , ,,1998,62,1833.2555671716145,0,1788.88726291714
1998259N10335,GEORGES,1998-09-26 00:00:00,24.8,-83.3,90,974,,1998,62,1875.0250924895633,0,1834.4145945637413
1998259N10335,GEORGES,1998-09-26 03:00:00,25.0,-83.8, , ,,1998,62,1929.9957704365515,0,1895.2344505436122
1998259N10335,GEORGES,1998-09-26 06:00:00,25.2,-84.2,90,975,,1998,62,1975.4026045436453,0,1945.9782605519683
1998259N10335,GEORGES,1998-09-26 09:00:00,25.4,-84.7, , ,,1998,62,2030.2142437023817,0,2006.8306111189336
1998259N10335,GEORGES,1998-09-26 12:00:00,25.7,-85.1,90,974,,1998,62,2079.2378028357703,0,2062.8767286858233
1998259N10335,GEORGES,1998-09-26 15:00:00,25.9,-85.5, , ,,1998,62,2124.455444077434,0,2113.7090457437894
1998259N10335,GEORGES,1998-09-26 18:00:00,26.2,-85.9,90,975,,1998,62,2173.4166073879296,0,2169.9434356184724
1998259N10335,GEORGES,1998-09-26 21:00:00,26.6,-86.2, , ,,1998,62,2216.9648695835954,0,2221.8801045029118
1998259N10335,GEORGES,1998-09-27 00:00:00,27.0,-86.5,95,969,,1998,62,2260.7587346962678,0,2274.287850222712
1998259N10335,GEORGES,1998-09-27 03:00:00,27.3,-86.9, , ,,1998,62,2309.8140569075936,0,2331.122814742321
1998259N10335,GEORGES,1998-09-27 06:00:00,27.6,-87.2,95,970,,1998,62,2349.6858229008435,0,2378.2494928231627
1998259N10335,GEORGES,1998-09-27 09:00:00,27.9,-87.5, , ,,1998,62,2389.5949084025415,0,2425.5293561621565
1998259N10335,GEORGES,1998-09-27 12:00:00,28.2,-87.8,95,962,,1998,62,2429.5347734775387,0,2472.9682954821897
1998259N10335,GEORGES,1998-09-27 15:00:00,28.5,-88.1, , ,,1998,62,2469.499246582341,0,2520.5768790301554
1998259N10335,GEORGES,1998-09-27 18:00:00,28.8,-88.3,95,962,,1998,62,2500.526971160226,0,2558.676097533434
1998259N10335,GEORGES,1998-09-27 21:00:00,29.1,-88.4, , ,,1998,62,2522.77024443354,0,2587.4042733810275
1998259N10335,GEORGES,1998-09-28 00:00:00,29.3,-88.5,95,961,,1998,62,2540.6700824507893,0,2609.939616665022
1998259N10335,GEORGES,1998-09-28 03:00:00,29.5,-88.6, , ,,1998,62,2558.6380771547256,0,2632.602005860054
1998259N10335,GEORGES,1998-09-28 06:00:00,29.8,-88.7,90,964,,1998,62,2581.3367360019306,0,2662.088960474838
1998259N10335,GEORGES,1998-09-28 09:00:00,30.2,-88.8, , ,,1998,62,2609.0256799902754,0,2698.789169665454
1998259N10335,GEORGES,1998-09-28 11:30:00,30.4,-88.9,90,964,,1998,62,2627.334226567957,0,2722.0570575569827
1998259N10335,GEORGES,1998-09-28 12:00:00,30.4,-88.9,90,965,,1998,62,2627.334226567957,0,2722.0570575569827
1998259N10335,GEORGES,1998-09-28 15:00:00,30.5,-88.9, , ,,1998,62,2632.206931081928,0,2729.065058532215
1998259N10335,GEORGES,1998-09-28 18:00:00,30.6,-88.9,65,984,,1998,62,2637.115341509171,0,2736.1233276514095
1998259N10335,GEORGES,1998-09-28 21:00:00,30.6,-89.0, , ,,1998,62,2645.7009298971548,0,2745.4439400869005
1998259N10335,GEORGES,1998-09-29 00:00:00,30.6,-89.0,50,986,,1998,62,2645.7009298971548,0,2745.4439400869005
1998259N10335,GEORGES,1998-09-29 03:00:00,30.6,-88.7, , ,,1998,62,2619.9748430090012,0,2717.5230004135606
1998259N10335,GEORGES,1998-09-29 06:00:00,30.6,-88.4,40,992,,1998,62,2594.342383236588,0,2689.726873238071
1998259N10335,GEORGES,1998-09-29 09:00:00,30.8,-88.3, , ,,1998,62,2596.034340326194,0,2695.0495504777446
1998259N10335,GEORGES,1998-09-29 12:00:00,31.0,-88.1,30,994,,1998,62,2589.575447372967,0,2691.5143380857367
1998259N10335,GEORGES,1998-09-29 15:00:00,31.0,-87.8, , ,,1998,62,2564.4392094056934,0,2664.2460443367586
1998259N10335,GEORGES,1998-09-29 18:00:00,30.9,-87.5,30,996,,1998,62,2534.012953146956,0,2629.530375255933
1998259N10335,GEORGES,1998-09-29 21:00:00,30.8,-87.2, , ,,1998,62,2503.5779187421854,0,2594.8529307306676
1998259N10335,GEORGES,1998-09-30 00:00:00,30.8,-86.9,30,998,,1998,62,2478.6153359226937,0,2567.861168451468
1998259N10335,GEORGES,1998-09-30 03:00:00,30.7,-86.6, , ,,1998,62,2448.2086144392842,0,2533.294446604802
1998259N10335,GEORGES,1998-09-30 06:00:00,30.7,-86.3,30,1000,,1998,62,2423.399607321038,0,2506.5296990000165
1998259N10335,GEORGES,1998-09-30 09:00:00,30.7,-85.9, , ,,1998,62,2390.51027979247,0,2471.0945088748617
1998259N10335,GEORGES,1998-09-30 12:00:00,30.7,-85.4,25,1002,,1998,62,2349.71611930064,0,2427.221798607035
1998259N10335,GEORGES,1998-09-30 15:00:00,30.7,-84.8, , ,,1998,62,2301.2543026495946,0,2375.2266216517746
1998259N10335,GEORGES,1998-09-30 18:00:00,30.6,-84.2,25,1004,,1998,62,2247.1724698673725,0,2315.617676594444
1998259N10335,GEORGES,1998-09-30 21:00:00,30.5,-83.6, , ,,1998,62,2193.380308235953,0,2256.4561513433214
1998259N10335,GEORGES,1998-10-01 00:00:00,30.5,-83.0,25,1006,,1998,62,2146.3808854558215,0,2206.397437381797
1998259N10335,GEORGES,1998-10-01 03:00:00,30.5,-82.4, , ,,1998,62,2100.065172267092,0,2157.245280754311
1998259N10335,GEORGES,1998-10-01 06:00:00,30.5,-81.8,20,1008,,1998,62,2054.4803461984447,0,2109.06113960755
2004258N16300,JEANNE,2004-09-13 18:00:00,15.9,-60.0,25,1010,,2004,73,746.4713198883996,0,557.8844494517884
2004258N16300,JEANNE,2004-09-13 21:00:00,15.9,-60.3, , ,,2004,73,716.6385264474357,0,527.5041678055275
2004258N16300,JEANNE,2004-09-14 00:00:00,16.0,-60.7,25,1010,,2004,73,672.8405313110887,0,482.31297283252707
2004258N16300,JEANNE,2004-09-14 03:00:00,16.1,-61.2, , ,,2004,73,619.2688916395084,0,427.358480670785
2004258N16300,JEANNE,2004-09-14 04:00:00,16.2,-61.3,30,1009,,2004,73,605.1068923093526,0,412.1604736757931
2004258N16300,JEANNE,2004-09-14 06:00:00,16.3,-61.5,30,1009,,2004,73,581.1287191259216,0,387.05994831546934
2004258N16300,JEANNE,2004-09-14 09:00:00,16.4,-62.0, , ,,2004,73,527.6312296038197,0,332.47288032966225
2004258N16300,JEANNE,2004-09-14 12:00:00,16.4,-62.6,35,1006,,2004,73,469.4554264689089,0,275.7880888002835
2004258N16300,JEANNE,2004-09-14 15:00:00,16.5,-63.1, , ,,2004,73,416.88598228715944,0,224.4006308171633
2004258N16300,JEANNE,2004-09-14 18:00:00,16.7,-63.5,50,996,,2004,73,368.809416905025,0,175.58154680863092
2004258N16300,JEANNE,2004-09-14 21:00:00,16.9,-63.8, , ,,2004,73,330.23212092247394,0,135.25080239048762
2004258N16300,JEANNE,2004-09-15 00:00:00,17.1,-64.0,55,996,,2004,73,301.3982877128057,0,103.08961203874122
2004258N16300,JEANNE,2004-09-15 03:00:00,17.2,-64.4, , ,,2004,73,258.261880524583,0,64.86940011417417
2004258N16300,JEANNE,2004-09-15 06:00:00,17.2,-64.8,55,994,,2004,73,220.99061299277145,0,46.08030058577178
2004258N16300,JEANNE,2004-09-15 09:00:00,17.4,-65.1, , ,,2004,73,182.2486181772528,0,21.027459620002798
2004258N16300,JEANNE,2004-09-15 12:00:00,17.6,-65.4,60,991,,2004,73,143.59913804546989,0,7.1147938732187885
2004258N16300,JEANNE,2004-09-15 15:00:00,17.9,-65.9, , ,,2004,73,81.20857624261069,1,0.0
2004258N16300,JEANNE,2004-09-15 16:00:00,18.0,-66.0,60,991,,2004,73,67.02412720367569,1,0.0
2004258N16300,JEANNE,2004-09-15 18:00:00,18.1,-66.2,60,991,,2004,73,43.34997360771927,1,0.0
2004258N16300,JEANNE,2004-09-15 21:00:00,18.3,-66.6, , ,,2004,73,8.86846805290682,1,0.0
2004258N16300,JEANNE,2004-09-16 00:00:00,18.5,-67.1,60,993,,2004,73,62.12530311644019,1,0.0
2004258N16300,JEANNE,2004-09-16 03:00:00,18.6,-67.5, , ,,2004,73,104.84958594812939,1,0.0
2004258N16300,JEANNE,2004-09-16 06:00:00,18.6,-67.8,60,992,,2004,73,134.43230539228108,1,0.0
2004258N16300,JEANNE,2004-09-16 09:00:00,18.6,-68.0, , ,,2004,73,154.60981263762199,0,1.7219388136445755
2004258N16300,JEANNE,2004-09-16 11:00:00,18.6,-68.3,70,985,,2004,73,185.26201896725428,0,14.551205585436326
2004258N16300,JEANNE,2004-09-16 12:00:00,18.6,-68.5,70,984,,2004,73,205.86471918348437,0,29.966482853424946
2004258N16300,JEANNE,2004-09-16 15:00:00,18.7,-68.9, , ,,2004,73,249.38871388794087,0,73.09653838614305
2004258N16300,JEANNE,2004-09-16 18:00:00,18.8,-69.0,65,988,,2004,73,262.13705816465017,0,88.77972462925082
2004258N16300,JEANNE,2004-09-16 21:00:00,19.0,-69.2, , ,,2004,73,288.3525363623885,0,120.43402748661264
2004258N16300,JEANNE,2004-09-17 00:00:00,19.2,-69.4,60,990,,2004,73,315.3218067624815,0,152.27619421347956
2004258N16300,JEANNE,2004-09-17 03:00:00,19.3,-69.6, , ,,2004,73,338.85448093217605,0,177.19579759261825
2004258N16300,JEANNE,2004-09-17 06:00:00,19.4,-69.9,55,990,,2004,73,372.23250360524605,0,211.369562630601
2004258N16300,JEANNE,2004-09-17 09:00:00,19.5,-70.3, , ,,2004,73,415.4631221113292,0,255.22231408022782
2004258N16300,JEANNE,2004-09-17 12:00:00,19.7,-70.7,50,990,,2004,73,462.41966789088013,0,305.57281718342836
2004258N16300,JEANNE,2004-09-17 15:00:00,19.9,-71.2, , ,,2004,73,519.1937538009684,0,365.6228781793907
2004258N16300,JEANNE,2004-09-17 18:00:00,20.0,-71.6,30,1002,,2004,73,562.2819943868432,0,410.39497652776237
2004258N16300,JEANNE,2004-09-17 21:00:00,20.1,-71.8, , ,,2004,73,585.7105093891304,0,435.6159972150175
2004258N16300,JEANNE,2004-09-18 00:00:00,20.2,-72.0,40,1000,,2004,73,609.141034915037,0,460.8405975960802
2004258N16300,JEANNE,2004-09-18 03:00:00,20.3,-72.3, , ,,2004,73,642.35222547601,0,495.89336526827395
2004258N16300,JEANNE,2004-09-18 06:00:00,20.4,-72.5,45,1000,,2004,73,665.7625238689059,0,521.1249295470004
2004258N16300,JEANNE,2004-09-18 09:00:00,20.8,-72.7, , ,,2004,73,701.5685707706938,0,563.6497026334375
2004258N16300,JEANNE,2004-09-18 12:00:00,21.2,-72.8,45,1000,,2004,73,729.472171231539,0,598.4739135390193
2004258N16300,JEANNE,2004-09-18 15:00:00,21.5,-72.6, , ,,2004,73,726.5022572099682,0,601.1371381523448
2004258N16300,JEANNE,2004-09-18 18:00:00,21.7,-72.3,40,1005,,2004,73,711.0678967417937,0,590.4012078237445
2004258N16300,JEANNE,2004-09-18 21:00:00,21.9,-72.2, , ,,2004,73,714.4977770059106,0,598.1210226874075
2004258N16300,JEANNE,2004-09-19 00:00:00,22.2,-72.2,40,1002,,2004,73,733.6394581445684,0,623.289690320773
2004258N16300,JEANNE,2004-09-19 03:00:00,22.5,-72.2, , ,,2004,73,753.767723971743,0,649.4654352533287
2004258N16300,JEANNE,2004-09-19 06:00:00,22.8,-72.3,40,1002,,2004,73,782.6813133208591,0,683.7943306939441
2004258N16300,JEANNE,2004-09-19 09:00:00,23.1,-72.4, , ,,2004,73,812.0337084419344,0,718.5391099366037
2004258N16300,JEANNE,2004-09-19 12:00:00,23.5,-72.5,40,1000,,2004,73,849.2676128528665,0,763.1247890939663
2004258N16300,JEANNE,2004-09-19 15:00:00,23.9,-72.4, , ,,2004,73,872.8008270012929,0,795.1413753575321
2004258N16300,JEANNE,2004-09-19 18:00:00,24.2,-72.3,45,996,,2004,73,889.8776889037813,0,818.755871221965
2004258N16300,JEANNE,2004-09-19 21:00:00,24.5,-72.2, , ,,2004,73,908.0032940923011,0,843.5156607889072
2004258N16300,JEANNE,2004-09-20 00:00:00,24.8,-72.1,50,994,,2004,73,927.1157506965887,0,869.2559501156409
2004258N16300,JEANNE,2004-09-20 03:00:00,25.1,-72.1, , ,,2004,73,953.279366455624,0,901.2504382304089
2004258N16300,JEANNE,2004-09-20 06:00:00,25.5,-72.0,55,992,,2004,73,982.9481596823438,0,939.4661253349101
2004258N16300,JEANNE,2004-09-20 09:00:00,26.1,-71.9, , ,,2004,73,1032.4114160256647,0,1000.3443051282094
2004258N16300,JEANNE,2004-09-20 12:00:00,26.6,-71.7,60,989,,2004,73,1069.2347265591075,0,1045.919795046776
2004258N16300,JEANNE,2004-09-20 15:00:00,27.0,-71.6, , ,,2004,73,1103.0054773213535,0,1086.6408600085558
2004258N16300,JEANNE,2004-09-20 18:00:00,27.2,-71.4,75,984,,2004,73,1113.3358704783848,0,1100.9690223714779
2004258N16300,JEANNE,2004-09-20 21:00:00,27.3,-71.1, , ,,2004,73,1110.1136130035163,0,1100.5193575893543
2004258N16300,JEANNE,2004-09-21 00:00:00,27.4,-70.8,75,982,,2004,73,1107.8654855283996,0,1101.0712957327448
2004258N16300,JEANNE,2004-09-21 03:00:00,27.5,-70.5, , ,,2004,73,1106.595483613348,0,1101.532489124343
2004258N16300,JEANNE,2004-09-21 06:00:00,27.6,-70.2,75,972,,2004,73,1106.3050198123424,0,1103.067983264528
2004258N16300,JEANNE,2004-09-21 09:00:00,27.6,-69.8, , ,,2004,73,1093.3408932469147,0,1090.669491523155
2004258N16300,JEANNE,2004-09-21 12:00:00,27.6,-69.5,75,972,,2004,73,1084.5284002936164,0,1082.4181780028255
2004258N16300,JEANNE,2004-09-21 15:00:00,27.5,-69.3, , ,,2004,73,1068.3842667178496,0,1065.1925638040207
2004258N16300,JEANNE,2004-09-21 18:00:00,27.4,-69.2,75,972,,2004,73,1055.0424306077846,0,1050.5759821700549
2004258N16300,JEANNE,2004-09-21 21:00:00,27.3,-69.0, , ,,2004,73,1039.2670726366466,0,1033.7945081169903
2004258N16300,JEANNE,2004-09-22 00:00:00,27.2,-68.9,80,972,,2004,73,1026.0833670397253,0,1019.3842649890285
2004258N16300,JEANNE,2004-09-22 03:00:00,27.0,-68.8, , ,,2004,73,1002.1351756210277,0,992.7598421380692
2004258N16300,JEANNE,2004-09-22 06:00:00,26.8,-68.7,85,968,,2004,73,978.2058396043316,0,966.2211527018032
2004258N16300,JEANNE,2004-09-22 09:00:00,26.6,-68.6, , ,,2004,73,954.2973679012338,0,939.7714636704474
2004258N16300,JEANNE,2004-09-22 12:00:00,26.5,-68.5,85,968,,2004,73,941.2682455146437,0,925.690942187331
2004258N16300,JEANNE,2004-09-22 15:00:00,26.4,-68.6, , ,,2004,73,932.632728321942,0,915.2495746416178
2004258N16300,JEANNE,2004-09-22 18:00:00,26.2,-68.8,85,967,,2004,73,915.8792780949195,0,894.9646144795772
2004258N16300,JEANNE,2004-09-22 21:00:00,25.9,-68.9, , ,,2004,73,886.3759948149965,0,860.9021839594509
2004258N16300,JEANNE,2004-09-23 00:00:00,25.7,-69.0,85,966,,2004,73,867.9131911832798,0,839.2993059717594
2004258N16300,JEANNE,2004-09-23 03:00:00,25.6,-69.1, , ,,2004,73,860.3336123190502,0,830.0070292026004
2004258N16300,JEANNE,2004-09-23 06:00:00,25.5,-69.3,85,966,,2004,73,856.2687889608388,0,823.9760821733322
2004258N16300,JEANNE,2004-09-23 09:00:00,25.5,-69.4, , ,,2004,73,859.6876365417621,0,827.1044404725953
2004258N16300,JEANNE,2004-09-23 12:00:00,25.5,-69.6,80,966,,2004,73,866.8527213402505,0,833.766376095972
2004258N16300,JEANNE,2004-09-23 15:00:00,25.6,-69.8, , ,,2004,73,884.7007956185828,0,852.5997361427663
2004258N16300,JEANNE,2004-09-23 18:00:00,25.8,-70.0,75,966,,2004,73,912.9936290316252,0,883.3577213848831
2004258N16300,JEANNE,2004-09-23 21:00:00,25.9,-70.2, , ,,2004,73,931.2380271563565,0,902.6910332431236
2004258N16300,JEANNE,2004-09-24 00:00:00,26.0,-70.4,70,966,,2004,73,949.6957753569241,0,921.6723341528873
2004258N16300,JEANNE,2004-09-24 03:00:00,26.1,-70.8, , ,,2004,73,977.2920471689982,0,948.9327917754475
2004258N16300,JEANNE,2004-09-24 06:00:00,26.1,-71.2,75,969,,2004,73,996.2028260825496,0,966.2052033559384
2004258N16300,JEANNE,2004-09-24 09:00:00,26.1,-71.7, , ,,2004,73,1021.6796269817407,0,990.1451587431222
2004258N16300,JEANNE,2004-09-24 12:00:00,26.2,-72.2,80,969,,2004,73,1058.241351329351,0,1026.8893326595164
2004258N16300,JEANNE,2004-09-24 15:00:00,26.3,-72.6, , ,,2004,73,1090.209750144534,0,1058.1136723953373
2004258N16300,JEANNE,2004-09-24 18:00:00,26.4,-73.1,85,968,,2004,73,1128.901105787185,0,1095.953589903183
2004258N16300,JEANNE,2004-09-24 21:00:00,26.4,-73.7, , ,,2004,73,1166.467014701185,0,1130.7574728866152
2004258N16300,JEANNE,2004-09-25 00:00:00,26.4,-74.3,85,964,,2004,73,1206.0116994850532,0,1168.2590876648442
2004258N16300,JEANNE,2004-09-25 03:00:00,26.4,-74.9, , ,,2004,73,1247.3463718416083,0,1208.2114952996947
2004258N16300,JEANNE,2004-09-25 06:00:00,26.5,-75.6,90,960,,2004,73,1305.1629798812758,0,1266.9880523015254
2004258N16300,JEANNE,2004-09-25 09:00:00,26.5,-76.3, , ,,2004,73,1357.043813336559,0,1318.7143988798266
2004258N16300,JEANNE,2004-09-25 12:00:00,26.6,-76.9,100,957,,2004,73,1409.9208568961963,0,1373.7629065799874
2004258N16300,JEANNE,2004-09-25 14:00:00,26.7,-77.3,100,956,,2004,73,1447.8606855281137,0,1413.9792157276017
2004258N16300,JEANNE,2004-09-25 15:00:00,26.8,-77.5, , ,,2004,73,1470.3366779902783,0,1438.5857997959415
2004258N16300,JEANNE,2004-09-25 18:00:00,26.9,-78.2,105,952,,2004,73,1532.256018778403,0,1503.6364846480744
2004258N16300,JEANNE,2004-09-25 21:00:00,27.0,-78.8, , ,,2004,73,1586.8963096681723,0,1561.596566967493
2004258N16300,JEANNE,2004-09-26 00:00:00,27.1,-79.4,105,951,,2004,73,1642.012681321111,0,1620.3125145732004
2004258N16300,JEANNE,2004-09-26 03:00:00,27.2,-80.0, , ,,2004,73,1697.5522438327216,0,1679.6501111520017
2004258N16300,JEANNE,2004-09-26 04:00:00,27.2,-80.2,105,950,,2004,73,1714.1422196324725,0,1696.9605641583444
2004258N16300,JEANNE,2004-09-26 06:00:00,27.3,-80.6,95,953,,2004,73,1753.4683980259208,0,1739.6251746159992
2004258N16300,JEANNE,2004-09-26 09:00:00,27.5,-81.1, , ,,2004,73,1807.1161319799864,0,1798.95027685593
2004258N16300,JEANNE,2004-09-26 12:00:00,27.7,-81.6,75,965,,2004,73,1860.7427459531555,0,1858.4145828609348
2004258N16300,JEANNE,2004-09-26 15:00:00,28.0,-82.0, , ,,2004,73,1911.6806711939614,0,1916.7227805308137
2004258N16300,JEANNE,2004-09-26 18:00:00,28.3,-82.3,55,970,,2004,73,1954.18378791314,0,1966.2699120482591
2004258N16300,JEANNE,2004-09-26 21:00:00,28.8,-82.5, , ,,2004,73,2000.2538385363907,0,2022.910960003131
2004258N16300,JEANNE,2004-09-27 00:00:00,29.3,-82.7,45,978,,2004,73,2046.8244770586077,0,2080.3726904983696
2004258N16300,JEANNE,2004-09-27 03:00:00,29.7,-83.0, , ,,2004,73,2095.630454897921,0,2138.8037465912644
2004258N16300,JEANNE,2004-09-27 06:00:00,30.1,-83.3,40,981,,2004,73,2144.485907670023,0,2197.5122605082774
2004258N16300,JEANNE,2004-09-27 09:00:00,30.6,-83.7, , ,,2004,73,2207.5771921830237,0,2273.3345995696145
2004258N16300,JEANNE,2004-09-27 12:00:00,31.1,-83.9,35,987,,2004,73,2255.1089633794263,0,2332.896858380579
2004258N16300,JEANNE,2004-09-27 15:00:00,31.8,-83.8, , ,,2004,73,2293.461835264002,0,2386.6729644768657
2004258N16300,JEANNE,2004-09-27 18:00:00,32.5,-83.6,30,993,,2004,73,2326.5442273269955,0,2435.41244731934
2004258N16300,JEANNE,2004-09-27 21:00:00,32.9,-83.4, , ,,2004,73,2340.4035705041715,0,2458.152022642417
2004258N16300,JEANNE,2004-09-28 00:00:00,33.2,-83.2,25,998,,2004,73,2347.9573199616375,0,2472.2237793739987
2004258N16300,JEANNE,2004-09-28 03:00:00,33.6,-82.9, , ,,2004,73,2356.8175325469792,0,2489.8876504397213
2004258N16300,JEANNE,2004-09-28 06:00:00,34.1,-82.4,20,999,,2004,73,2361.507551508803,0,2505.5022989526346
2004258N16300,JEANNE,2004-09-28 09:00:00,34.7,-81.8, , ,,2004,73,2370.611419774161,0,2528.461335818419
2004258N16300,JEANNE,2004-09-28 12:00:00,35.4,-81.0,20,1000,,2004,73,2380.0625215582263,0,2554.6156116639654
2004258N16300,JEANNE,2004-09-28 15:00:00,36.4,-79.8, , ,,2004,73,2400.44539337949,0,2600.8538815468382
2004258N16300,JEANNE,2004-09-28 18:00:00,37.3,-78.4,25,999,,2004,73,2413.9493264472585,0,2638.1119059117527
2004258N16300,JEANNE,2004-09-28 21:00:00,37.9,-77.3, , ,,2004,73,2423.175219769055,0,2661.9220280279815
2004258N16300,JEANNE,2004-09-29 00:00:00,38.3,-76.4,25,999,,2004,73,2426.8982435454823,0,2675.782864328985
2004258N16300,JEANNE,2004-09-29 03:00:00,38.6,-75.6, , ,,2004,73,2428.1085288384793,0,2684.838388906005
2004258N16300,JEANNE,2004-09-29 06:00:00,38.8,-74.7,35,999,,2004,73,2418.9276848103323,0,2679.0471671432665
2004258N16300,JEANNE,2004-09-29 09:00:00,38.7,-73.7, , ,,2004,73,2378.8156005990386,0,2633.0407689203153
2004258N16300,JEANNE,2004-09-29 12:00:00,38.5,-72.5,35,999,,2004,73,2326.4840038915518,0,2571.979275652123
2007345N18298,OLGA,2007-12-10 12:00:00,18.3,-61.8,35,1009,,2007,89,505.8746731872342,0,307.9350836781938
2007345N18298,OLGA,2007-12-10 15:00:00,18.3,-62.5, , ,,2007,89,431.9764804642601,0,230.5147255457081
2007345N18298,OLGA,2007-12-10 18:00:00,18.3,-63.2,35,1008,,2007,89,358.08211798893666,0,153.43322199044349
2007345N18298,OLGA,2007-12-10 21:00:00,18.3,-63.9, , ,,2007,89,284.19608169818963,0,77.38535153396772
2007345N18298,OLGA,2007-12-11 00:00:00,18.4,-64.7,35,1007,,2007,89,200.5198341238428,0,7.580778932807636
2007345N18298,OLGA,2007-12-11 03:00:00,18.5,-65.5, , ,,2007,89,119.15816152146819,1,0.0
2007345N18298,OLGA,2007-12-11 06:00:00,18.5,-66.3,40,1005,,2007,89,43.60205590675038,1,0.0
2007345N18298,OLGA,2007-12-11 07:00:00,18.4,-66.5,40,1005,,2007,89,22.07979554219164,1,0.0
2007345N18298,OLGA,2007-12-11 09:00:00,18.3,-66.9, , ,,2007,89,33.888310089942244,1,0.0
2007345N18298,OLGA,2007-12-11 12:00:00,18.3,-67.4,45,1004,,2007,89,85.97387582101632,1,0.0
2007345N18298,OLGA,2007-12-11 15:00:00,18.4,-67.9, , ,,2007,89,139.70747378592702,1,0.0
2007345N18298,OLGA,2007-12-11 18:00:00,18.5,-68.4,50,1003,,2007,89,193.5123227218474,0,13.874253935817102
2007345N18298,OLGA,2007-12-11 21:00:00,18.8,-69.1, , ,,2007,89,272.37012584599773,0,98.25033336139346
2007345N18298,OLGA,2007-12-12 00:00:00,19.0,-70.0,50,1003,,2007,89,369.62653294798065,0,198.45328899406869
2007345N18298,OLGA,2007-12-12 03:00:00,19.1,-70.9, , ,,2007,89,464.4352413032827,0,296.2671149111709
2007345N18298,OLGA,2007-12-12 06:00:00,19.1,-71.9,40,1005,,2007,89,567.8468048942466,0,403.1876784742503
2007345N18298,OLGA,2007-12-12 09:00:00,19.1,-72.9, , ,,2007,89,671.8530697098837,0,511.80009773273036
2007345N18298,OLGA,2007-12-12 12:00:00,19.1,-73.8,35,1008,,2007,89,765.7647869625793,0,610.3856676630149
2007345N18298,OLGA,2007-12-12 15:00:00,19.1,-74.8, , ,,2007,89,870.3305067967589,0,720.3229776164957
2007345N18298,OLGA,2007-12-12 18:00:00,19.0,-75.7,30,1008,,2007,89,963.7959921984425,0,818.1470365733384
2007345N18298,OLGA,2007-12-12 21:00:00,18.9,-76.5, , ,,2007,89,1047.2041233170332,0,905.546397132879
2007345N18298,OLGA,2007-12-13 00:00:00,18.9,-77.2,30,1008,,2007,89,1120.7820522984784,0,983.1795799727997
2007345N18298,OLGA,2007-12-13 03:00:00,18.9,-78.0, , ,,2007,89,1204.8927448065815,0,1071.9548312782595
2007345N18298,OLGA,2007-12-13 06:00:00,19.0,-78.7,30,1007,,2007,89,1278.830936951017,0,1150.5619195095576
2007345N18298,OLGA,2007-12-13 09:00:00,19.2,-79.4, , ,,2007,89,1353.1945879886352,0,1230.2573433591363
2007345N18298,OLGA,2007-12-13 12:00:00,19.4,-80.1,30,1007,,2007,89,1427.6552499350123,0,1310.1664014300418
2007345N18298,OLGA,2007-12-13 15:00:00,19.5,-80.7, , ,,2007,89,1491.0749879552395,0,1377.845923689324
2007345N18298,OLGA,2007-12-13 18:00:00,19.6,-81.3,30,1007,,2007,89,1554.4676865373349,0,1445.5401001209652
2007345N18298,OLGA,2007-12-13 21:00:00,19.7,-81.8, , ,,2007,89,1607.3798187798777,0,1502.191082580709
2007345N18298,OLGA,2007-12-14 00:00:00,19.7,-82.3,30,1007,,2007,89,1659.640666353685,0,1557.482182534179
2007345N18298,OLGA,2007-12-14 03:00:00,19.7,-82.8, , ,,2007,89,1711.9144792497377,0,1612.7986432760597
2007345N18298,OLGA,2007-12-14 06:00:00,19.7,-83.3,30,1007,,2007,89,1764.199689069964,0,1668.1379418711151
2007345N18298,OLGA,2007-12-14 09:00:00,19.7,-83.8, , ,,2007,89,1816.4948942158642,0,1723.4978784385366
2007345N18298,OLGA,2007-12-14 12:00:00,19.6,-84.2,30,1007,,2007,89,1857.951718366676,0,1766.663375070288
2007345N18298,OLGA,2007-12-14 15:00:00,19.5,-84.7, , ,,2007,89,1910.0237412395231,0,1821.0654966247564
2007345N18298,OLGA,2007-12-14 18:00:00,19.5,-85.1,30,1007,,2007,89,1951.9412491181808,0,1865.441376577618
2007345N18298,OLGA,2007-12-14 21:00:00,19.7,-85.5, , ,,2007,89,1994.357381458066,0,1911.8518914187318
2007345N18298,OLGA,2007-12-15 00:00:00,20.0,-85.8,30,1006,,2007,89,2026.8693774693304,0,1948.6377414461247
2007345N18298,OLGA,2007-12-15 03:00:00,20.3,-86.1, , ,,2007,89,2059.7534272645635,0,1985.9470565390131
2007345N18298,OLGA,2007-12-15 06:00:00,20.6,-86.5,30,1006,,2007,89,2103.3726091989165,0,2034.7782011174513
2007345N18298,OLGA,2007-12-15 09:00:00,21.1,-86.9, , ,,2007,89,2149.098616656453,0,2087.810960328397
2007345N18298,OLGA,2007-12-15 12:00:00,21.7,-87.4,30,1007,,2007,89,2207.244056779711,0,2155.202818414657
2007345N18298,OLGA,2007-12-15 15:00:00,22.5,-87.9, , ,,2007,89,2269.6463327893557,0,2229.6432127231224
2007345N18298,OLGA,2007-12-15 18:00:00,23.3,-88.2,30,1007,,2007,89,2314.1188891661996,0,2285.6887365229345
2007345N18298,OLGA,2007-12-15 21:00:00,24.2,-87.9, , ,,2007,89,2303.9031910406643,0,2284.8983898521087
2007345N18298,OLGA,2007-12-16 00:00:00,25.0,-87.2,30,1005,,2007,89,2256.833046504149,0,2244.0799205968
2007345N18298,OLGA,2007-12-16 03:00:00,25.7,-86.3, , ,,2007,89,2192.8699735431437,0,2184.311053628195
2007345N18298,OLGA,2007-12-16 06:00:00,26.3,-85.2,25,1006,,2007,89,2112.0737732036946,0,2105.716111467091
2011233N15301,IRENE,2011-08-21 00:00:00,15.0,-59.0,45,1006,,2011,54,884.3421401633034,0,703.2808939473302
2011233N15301,IRENE,2011-08-21 03:00:00,15.5,-59.8, , ,,2011,54,783.2367448015974,0,597.7327655564519
2011233N15301,IRENE,2011-08-21 06:00:00,16.0,-60.6,45,1006,,2011,54,682.7354376886477,0,492.3644943810014
2011233N15301,IRENE,2011-08-21 09:00:00,16.4,-61.4, , ,,2011,54,586.951423312175,0,392.03402016248305
2011233N15301,IRENE,2011-08-21 12:00:00,16.8,-62.2,45,1005,,2011,54,491.58924835850024,0,291.6937216653739
2011233N15301,IRENE,2011-08-21 15:00:00,17.2,-63.0, , ,,2011,54,396.84820733386414,0,191.42854765758912
2011233N15301,IRENE,2011-08-21 18:00:00,17.5,-63.7,50,999,,2011,54,316.1978037154597,0,106.05321299086599
2011233N15301,IRENE,2011-08-21 21:00:00,17.7,-64.1, , ,,2011,54,269.6816955467337,0,56.191084073404646
2011233N15301,IRENE,2011-08-21 23:00:00,17.8,-64.6,60,993,,2011,54,215.58337629338283,0,0.29539852935244854
2011233N15301,IRENE,2011-08-22 00:00:00,17.9,-65.0,60,993,,2011,54,171.8419391801074,1,0.0
2011233N15301,IRENE,2011-08-22 03:00:00,17.9,-65.6, , ,,2011,54,110.58093906754969,1,0.0
2011233N15301,IRENE,2011-08-22 05:25:00,18.1,-65.8,60,990,,2011,54,84.55253707079925,1,0.0
2011233N15301,IRENE,2011-08-22 06:00:00,18.2,-65.9,65,990,,2011,54,72.9289820554731,1,0.0
2011233N15301,IRENE,2011-08-22 09:00:00,18.6,-66.4, , ,,2011,54,46.69206879955611,1,0.0
2011233N15301,IRENE,2011-08-22 12:00:00,18.9,-67.0,70,989,,2011,54,87.00994447670637,1,0.0
2011233N15301,IRENE,2011-08-22 15:00:00,19.1,-67.5, , ,,2011,54,136.91580800119306,0,30.44245459366105
2011233N15301,IRENE,2011-08-22 18:00:00,19.3,-68.0,75,988,,2011,54,190.88003462055832,0,71.4624504484556
2011233N15301,IRENE,2011-08-22 21:00:00,19.5,-68.4, , ,,2011,54,237.69689926854463,0,115.1795818714867
2011233N15301,IRENE,2011-08-23 00:00:00,19.7,-68.8,80,981,,2011,54,284.7054773014539,0,154.25996455889432
2011233N15301,IRENE,2011-08-23 03:00:00,19.9,-69.2, , ,,2011,54,331.8040473816073,0,197.4939867059034
2011233N15301,IRENE,2011-08-23 06:00:00,20.1,-69.7,80,978,,2011,54,387.7457319330384,0,250.15879241249925
2011233N15301,IRENE,2011-08-23 09:00:00,20.3,-70.2, , ,,2011,54,443.8664219101959,0,305.36751075529065
2011233N15301,IRENE,2011-08-23 12:00:00,20.4,-70.6,80,978,,2011,54,485.5398571795122,0,345.8524595089409
2011233N15301,IRENE,2011-08-23 15:00:00,20.5,-70.9, , ,,2011,54,518.2776057662167,0,378.89483908201316
2011233N15301,IRENE,2011-08-23 18:00:00,20.7,-71.2,80,977,,2011,54,556.349302947253,0,419.75720707969435
2011233N15301,IRENE,2011-08-23 21:00:00,20.9,-71.6, , ,,2011,54,603.498901395014,0,469.30404274113937
2011233N15301,IRENE,2011-08-24 00:00:00,21.0,-71.9,80,969,,2011,54,636.1888945385994,0,502.9607897653436
2011233N15301,IRENE,2011-08-24 03:00:00,21.1,-72.2, , ,,2011,54,668.9071891786555,0,536.8543825641842
2011233N15301,IRENE,2011-08-24 06:00:00,21.3,-72.5,95,965,,2011,54,706.7893038341113,0,577.9074049820434
2011233N15301,IRENE,2011-08-24 09:00:00,21.6,-72.9, , ,,2011,54,759.046682427713,0,635.0345662975539
2011233N15301,IRENE,2011-08-24 12:00:00,21.9,-73.3,105,957,,2011,54,811.3237400728867,0,692.2157565731949
2011233N15301,IRENE,2011-08-24 15:00:00,22.3,-73.8, , ,,2011,54,878.0495776109361,0,765.5734927499831
2011233N15301,IRENE,2011-08-24 16:00:00,22.4,-74.0,100,955,,2011,54,901.4246814391857,0,790.6064308523207
2011233N15301,IRENE,2011-08-24 18:00:00,22.7,-74.3,100,954,,2011,54,944.7973628886383,0,839.0461725290162
2011233N15301,IRENE,2011-08-24 21:00:00,23.1,-74.7, , ,,2011,54,1002.7771904485385,0,903.8402967797962
2011233N15301,IRENE,2011-08-25 00:00:00,23.5,-75.1,95,952,,2011,54,1060.8866090042293,0,968.8494357243384
2011233N15301,IRENE,2011-08-25 03:00:00,23.8,-75.5, , ,,2011,54,1113.126593654758,0,1026.3955284928772
2011233N15301,IRENE,2011-08-25 06:00:00,24.1,-75.9,95,950,,2011,54,1165.3068150030858,0,1083.9947265736278
2011233N15301,IRENE,2011-08-25 09:00:00,24.7,-76.2,90,950,,2011,54,1227.2761384630799,0,1156.5290386508093
2011233N15301,IRENE,2011-08-25 12:00:00,25.4,-76.6,90,950,,2011,54,1304.870646499981,0,1246.6783499899311
2011233N15301,IRENE,2011-08-25 15:00:00,26.0,-77.0, , ,,2011,54,1376.660244779987,0,1329.60593999422
2011233N15301,IRENE,2011-08-25 18:00:00,26.5,-77.2,90,950,,2011,54,1426.2899100452128,0,1388.5827347345871
2011233N15301,IRENE,2011-08-25 21:00:00,27.1,-77.3, , ,,2011,54,1475.9056455237594,0,1449.5513492203693
2011233N15301,IRENE,2011-08-26 00:00:00,27.7,-77.3,90,946,,2011,54,1519.4185362422013,0,1504.56933356957
2011233N15301,IRENE,2011-08-26 03:00:00,28.2,-77.3, , ,,2011,54,1556.911520799182,0,1551.9039835241433
2011233N15301,IRENE,2011-08-26 06:00:00,28.8,-77.3,90,942,,2011,54,1603.2641910527755,0,1610.4288212107008
2011233N15301,IRENE,2011-08-26 09:00:00,29.4,-77.3, , ,,2011,54,1650.9833776923213,0,1670.7116927719371
2011233N15301,IRENE,2011-08-26 12:00:00,30.0,-77.4,85,947,,2011,54,1706.4184682898203,0,1739.0342638208438
2011233N15301,IRENE,2011-08-26 15:00:00,30.6,-77.5, , ,,2011,54,1762.5988490844102,0,1808.4875824410028
2011233N15301,IRENE,2011-08-26 18:00:00,31.1,-77.5,80,950,,2011,54,1804.8179525883115,0,1862.0224323241578
2011233N15301,IRENE,2011-08-26 21:00:00,31.6,-77.3, , ,,2011,54,1835.8903159196227,0,1904.6118128100138
2011233N15301,IRENE,2011-08-27 00:00:00,32.1,-77.1,75,952,,2011,54,1868.4073880789376,0,1948.9755393756182
2011233N15301,IRENE,2011-08-27 03:00:00,32.7,-76.9, , ,,2011,54,1911.3792276293245,0,2006.5098306001582
2011233N15301,IRENE,2011-08-27 06:00:00,33.4,-76.8,75,952,,2011,54,1970.3875445083188,0,2083.1422223114896
2011233N15301,IRENE,2011-08-27 09:00:00,34.1,-76.7, , ,,2011,54,2030.7542273080198,0,2161.3590387235845
2011233N15301,IRENE,2011-08-27 12:00:00,34.7,-76.6,75,952,,2011,54,2082.8174532750963,0,2228.4416589354655
2011233N15301,IRENE,2011-08-27 15:00:00,35.1,-76.5, , ,,2011,54,2116.5075696816157,0,2272.3220950919326
2011233N15301,IRENE,2011-08-27 18:00:00,35.5,-76.3,65,950,,2011,54,2146.2589648981725,0,2312.278703400975
2011233N15301,IRENE,2011-08-27 21:00:00,36.1,-76.0, , ,,2011,54,2192.2751447227565,0,2374.167466853978
2011233N15301,IRENE,2011-08-28 00:00:00,36.7,-75.7,65,951,,2011,54,2239.862773017302,0,2438.312345610951
2011233N15301,IRENE,2011-08-28 03:00:00,37.3,-75.4, , ,,2011,54,2288.9194147956546,0,2504.593185207523
2011233N15301,IRENE,2011-08-28 06:00:00,38.1,-75.0,65,958,,2011,54,2356.4466685328116,0,2595.4748607523434
2011233N15301,IRENE,2011-08-28 09:00:00,39.2,-74.5, , ,,2011,54,2454.383847805372,0,2726.9449138210152
2011233N15301,IRENE,2011-08-28 09:35:00,39.4,-74.4,60,959,,2011,54,2472.297564682932,0,2751.213213216279
2011233N15301,IRENE,2011-08-28 12:00:00,40.3,-74.1,55,963,,2011,54,2558.3575693165726,0,2867.340099006914
2011233N15301,IRENE,2011-08-28 13:00:00,40.6,-74.0,55,965,,2011,54,2587.3748612671648,0,2906.76191139081
2011233N15301,IRENE,2011-08-28 15:00:00,41.3,-73.7, , ,,2011,54,2654.0534012170415,0,2998.3483178822917
2011233N15301,IRENE,2011-08-28 18:00:00,42.5,-73.1,50,970,,2011,54,2768.856620942329,0,3158.4070516847746
2011233N15301,IRENE,2011-08-28 21:00:00,43.4,-72.7, , ,,2011,54,2857.9412854321304,0,3283.8201366343287
2011233N15301,IRENE,2011-08-29 00:00:00,44.2,-72.1,45,979,,2011,54,2934.1837120364785,0,3393.7384508175755
2011233N15301,IRENE,2011-08-29 03:00:00,45.3,-70.9, , ,,2011,54,3037.405434253096,0,3545.8890026355393
2011233N15301,IRENE,2011-08-29 06:00:00,46.5,-69.5,40,983,,2011,54,3155.821937497963,0,3722.358605582806
2011233N15301,IRENE,2011-08-29 09:00:00,47.8,-68.1, , ,,2011,54,3291.915100632202,0,3927.2169323048997
2011233N15301,IRENE,2011-08-29 12:00:00,49.1,-66.7,40,985,,2011,54,3433.62458064182,0,4144.0430783949805
2011233N15301,IRENE,2011-08-29 15:00:00,50.3,-65.3, , ,,2011,54,3568.88885382051,0,4354.625403546857
2011233N15301,IRENE,2011-08-29 18:00:00,51.3,-63.8,40,987,,2011,54,3686.4490174940734,0,4538.278559252018
2011233N15301,IRENE,2011-08-29 21:00:00,52.2,-62.0, , ,,2011,54,3799.5470229866783,0,4715.331603500829
2011233N15301,IRENE,2011-08-30 00:00:00,53.0,-60.0,40,991,,2011,54,3909.2576659901442,0,4886.284370269354
2017260N12310,MARIA,2017-09-16 12:00:00,12.2,-49.7,30,1006,,2017,78,1930.6199670487504,0,1779.8806815779096
2017260N12310,MARIA,2017-09-16 15:00:00,12.2,-50.8, , ,,2017,78,1820.514196763509,0,1666.4845248150818
2017260N12310,MARIA,2017-09-16 18:00:00,12.2,-51.7,40,1004,,2017,78,1731.181637954951,0,1574.7149363348879
2017260N12310,MARIA,2017-09-16 21:00:00,12.3,-52.5, , ,,2017,78,1647.662375804652,0,1489.1288539942707
2017260N12310,MARIA,2017-09-17 00:00:00,12.4,-53.1,45,1002,,2017,78,1584.0614082658442,0,1423.9607616089606
2017260N12310,MARIA,2017-09-17 03:00:00,12.6,-53.8, , ,,2017,78,1505.9997033776087,0,1343.978888938225
2017260N12310,MARIA,2017-09-17 06:00:00,12.8,-54.4,55,994,,2017,78,1437.7857752553919,0,1274.0577224905498
2017260N12310,MARIA,2017-09-17 09:00:00,13.1,-55.0, , ,,2017,78,1364.7174715281285,0,1198.989128004349
2017260N12310,MARIA,2017-09-17 12:00:00,13.3,-55.7,60,990,,2017,78,1286.9393174081895,0,1119.2544093681568
2017260N12310,MARIA,2017-09-17 15:00:00,13.5,-56.4, , ,,2017,78,1209.3279630758973,0,1039.7390344022265
2017260N12310,MARIA,2017-09-17 18:00:00,13.6,-57.0,65,986,,2017,78,1146.6455027147333,0,975.8448859992537
2017260N12310,MARIA,2017-09-17 21:00:00,13.8,-57.5, , ,,2017,78,1088.507352532605,0,916.1958392030314
2017260N12310,MARIA,2017-09-18 00:00:00,14.0,-58.0,75,979,,2017,78,1030.428242122344,0,856.6127435649776
2017260N12310,MARIA,2017-09-18 03:00:00,14.2,-58.5, , ,,2017,78,972.4118342356413,0,797.0766814620393
2017260N12310,MARIA,2017-09-18 06:00:00,14.3,-59.0,80,977,,2017,78,919.8547760747967,0,743.7508443415816
2017260N12310,MARIA,2017-09-18 09:00:00,14.4,-59.4, , ,,2017,78,876.9005304645643,0,700.2031734783102
2017260N12310,MARIA,2017-09-18 12:00:00,14.5,-59.7,100,967,,2017,78,843.3798553290442,0,666.1193351402337
2017260N12310,MARIA,2017-09-18 15:00:00,14.7,-60.0, , ,,2017,78,804.2949204221367,0,625.5657145817318
2017260N12310,MARIA,2017-09-18 18:00:00,14.9,-60.4,110,956,,2017,78,755.9366064476831,0,575.8702034881416
2017260N12310,MARIA,2017-09-18 21:00:00,15.1,-60.7, , ,,2017,78,716.9160787191518,0,535.2948800050183
2017260N12310,MARIA,2017-09-19 00:00:00,15.3,-61.1,145,924,,2017,78,668.6175551474321,0,485.6661750732874
2017260N12310,MARIA,2017-09-19 01:15:00,15.4,-61.3,145,922,,2017,78,644.4824889036024,0,460.8892145264061
2017260N12310,MARIA,2017-09-19 03:00:00,15.5,-61.5, , ,,2017,78,620.3570559941934,0,436.12673829119694
2017260N12310,MARIA,2017-09-19 06:00:00,15.7,-61.9,135,940,,2017,78,572.1356654785766,0,386.65276413562
2017260N12310,MARIA,2017-09-19 09:00:00,15.9,-62.3, , ,,2017,78,523.9546848565601,0,337.3683928983012
2017260N12310,MARIA,2017-09-19 12:00:00,16.1,-62.7,140,931,,2017,78,475.81574065067025,0,288.37817917530776
2017260N12310,MARIA,2017-09-19 15:00:00,16.3,-63.1, , ,,2017,78,427.72096552687503,0,239.7725040032184
2017260N12310,MARIA,2017-09-19 18:00:00,16.6,-63.5,145,920,,2017,78,374.1157193660873,0,183.4946715429746
2017260N12310,MARIA,2017-09-19 21:00:00,16.8,-63.9, , ,,2017,78,326.0807853261423,0,136.0012828279622
2017260N12310,MARIA,2017-09-20 00:00:00,17.0,-64.3,150,909,,2017,78,278.088971501007,0,90.32212359266154
2017260N12310,MARIA,2017-09-20 03:00:00,17.3,-64.7,150,908,,2017,78,224.81792017716745,0,38.31074042113375
2017260N12310,MARIA,2017-09-20 06:00:00,17.6,-65.1,140,913,,2017,78,172.11026194414467,1,0.0
2017260N12310,MARIA,2017-09-20 09:00:00,17.9,-65.7, , ,,2017,78,100.6322900878588,1,0.0
2017260N12310,MARIA,2017-09-20 10:15:00,18.0,-65.9,135,920,,2017,78,76.95556249878923,1,0.0
2017260N12310,MARIA,2017-09-20 12:00:00,18.2,-66.2,115,935,,2017,78,41.269463910399196,1,0.0
2017260N12310,MARIA,2017-09-20 15:00:00,18.4,-66.6, , ,,2017,78,19.95351871707547,1,0.0
2017260N12310,MARIA,2017-09-20 18:00:00,18.6,-67.0,95,959,,2017,78,60.39954655594013,1,0.0
2017260N12310,MARIA,2017-09-20 21:00:00,18.8,-67.3, , ,,2017,78,98.74649295211748,1,0.0
2017260N12310,MARIA,2017-09-21 00:00:00,19.0,-67.6,95,958,,2017,78,137.232649981499,0,22.88527766502278
2017260N12310,MARIA,2017-09-21 03:00:00,19.2,-67.9, , ,,2017,78,175.7459850446237,0,55.9441431086715
2017260N12310,MARIA,2017-09-21 06:00:00,19.4,-68.2,100,959,,2017,78,214.25469377233514,0,93.07188442022839
2017260N12310,MARIA,2017-09-21 09:00:00,19.6,-68.5, , ,,2017,78,252.74614582973146,0,129.99507596180928
2017260N12310,MARIA,2017-09-21 12:00:00,19.9,-68.8,100,959,,2017,78,297.99562943509454,0,175.55364332861419
2017260N12310,MARIA,2017-09-21 15:00:00,20.2,-69.2, , ,,2017,78,351.4605901617819,0,227.66453675755767
2017260N12310,MARIA,2017-09-21 18:00:00,20.5,-69.5,105,960,,2017,78,396.7363376125805,0,275.4026000608944
2017260N12310,MARIA,2017-09-21 21:00:00,20.7,-69.8, , ,,2017,78,434.99895923213865,0,313.5773831662422
2017260N12310,MARIA,2017-09-22 00:00:00,20.8,-70.0,110,953,,2017,78,458.1988167803643,0,336.20961577418353
2017260N12310,MARIA,2017-09-22 03:00:00,21.0,-70.3, , ,,2017,78,496.44747514871915,0,375.3646427958648
2017260N12310,MARIA,2017-09-22 06:00:00,21.2,-70.5,110,959,,2017,78,526.4961169544194,0,407.86971565994435
2017260N12310,MARIA,2017-09-22 09:00:00,21.5,-70.7, , ,,2017,78,563.578270622773,0,449.84974597462065
2017260N12310,MARIA,2017-09-22 12:00:00,21.9,-70.9,110,958,,2017,78,608.201296465659,0,501.4981203993771
2017260N12310,MARIA,2017-09-22 15:00:00,22.3,-71.1, , ,,2017,78,653.3904466698797,0,553.4275910453057
2017260N12310,MARIA,2017-09-22 18:00:00,22.8,-71.2,110,959,,2017,78,699.6983008650184,0,609.4452651083087
2017260N12310,MARIA,2017-09-22 21:00:00,23.3,-71.4, , ,,2017,78,754.2114713374716,0,672.4072816965523
2017260N12310,MARIA,2017-09-23 00:00:00,23.7,-71.6,105,953,,2017,78,800.9361513658571,0,725.4184628237651
2017260N12310,MARIA,2017-09-23 03:00:00,24.1,-71.8, , ,,2017,78,847.8492421394927,0,778.6127935869644
2017260N12310,MARIA,2017-09-23 06:00:00,24.4,-71.9,100,952,,2017,78,879.8942880681316,0,815.7582894912521
2017260N12310,MARIA,2017-09-23 09:00:00,24.7,-72.0, , ,,2017,78,912.1204716218685,0,853.0632424407529
2017260N12310,MARIA,2017-09-23 12:00:00,25.1,-72.1,100,952,,2017,78,953.279366455624,0,901.2504382304089
2017260N12310,MARIA,2017-09-23 15:00:00,25.5,-72.2, , ,,2017,78,994.7902254682597,0,949.8023991412913
2017260N12310,MARIA,2017-09-23 18:00:00,25.9,-72.3,100,952,,2017,78,1036.609242467089,0,998.6923106141124
2017260N12310,MARIA,2017-09-23 21:00:00,26.2,-72.4, , ,,2017,78,1069.5862236231615,0,1036.832638658313
2017260N12310,MARIA,2017-09-24 00:00:00,26.6,-72.4,100,945,,2017,78,1106.2558243216167,0,1081.3326288616126
2017260N12310,MARIA,2017-09-24 03:00:00,27.0,-72.5, , ,,2017,78,1148.8438987513548,0,1130.5924140167285
2017260N12310,MARIA,2017-09-24 06:00:00,27.5,-72.6,95,942,,2017,78,1201.029521555279,0,1191.2018571556293
2017260N12310,MARIA,2017-09-24 09:00:00,28.0,-72.7, , ,,2017,78,1253.542804994097,0,1252.362445890356
2017260N12310,MARIA,2017-09-24 12:00:00,28.4,-72.8,95,947,,2017,78,1296.7545171329425,0,1302.5999056418627
2017260N12310,MARIA,2017-09-24 15:00:00,28.8,-72.9, , ,,2017,78,1340.0888504461884,0,1353.1104634550718
2017260N12310,MARIA,2017-09-24 18:00:00,29.1,-72.9,90,943,,2017,78,1369.0784186850572,0,1387.6492954919051
2017260N12310,MARIA,2017-09-24 21:00:00,29.4,-72.9, , ,,2017,78,1398.2598635370312,0,1422.4750875886473
2017260N12310,MARIA,2017-09-25 00:00:00,29.7,-72.9,85,947,,2017,78,1427.621416523904,0,1457.5776111536657
2017260N12310,MARIA,2017-09-25 03:00:00,30.0,-72.9, , ,,2017,78,1457.1521878508747,0,1492.9476626343646
2017260N12310,MARIA,2017-09-25 06:00:00,30.3,-72.9,75,954,,2017,78,1486.8420924716654,0,1528.576966654445
2017260N12310,MARIA,2017-09-25 09:00:00,30.6,-72.9, , ,,2017,78,1516.6817826869626,0,1564.4580894876658
2017260N12310,MARIA,2017-09-25 12:00:00,30.8,-73.0,70,961,,2017,78,1540.8554767634907,0,1592.6342569664268
2017260N12310,MARIA,2017-09-25 15:00:00,31.1,-73.1, , ,,2017,78,1574.997595970574,0,1632.921893341131
2017260N12310,MARIA,2017-09-25 18:00:00,31.4,-73.1,70,966,,2017,78,1605.0178179411648,0,1669.266135993375
2017260N12310,MARIA,2017-09-25 21:00:00,31.7,-73.1, , ,,2017,78,1635.1647364679775,0,1705.8475154603043
2017260N12310,MARIA,2017-09-26 00:00:00,32.0,-73.1,70,966,,2017,78,1665.4314687824053,0,1742.6547909475519
2017260N12310,MARIA,2017-09-26 03:00:00,32.3,-73.1, , ,,2017,78,1695.8115970324932,0,1779.657363135445
2017260N12310,MARIA,2017-09-26 06:00:00,32.6,-73.1,65,970,,2017,78,1726.2991318701038,0,1816.885844599433
2017260N12310,MARIA,2017-09-26 09:00:00,33.0,-73.1, , ,,2017,78,1767.106639472303,0,1866.821114725725
2017260N12310,MARIA,2017-09-26 12:00:00,33.3,-73.1,65,970,,2017,78,1797.8236612299504,0,1904.3083402883829
2017260N12310,MARIA,2017-09-26 15:00:00,33.6,-73.1, , ,,2017,78,1828.630813426569,0,1941.988374385726
2017260N12310,MARIA,2017-09-26 18:00:00,33.9,-73.1,65,975,,2017,78,1859.5236137854074,0,1979.8878537863588
2017260N12310,MARIA,2017-09-26 21:00:00,34.2,-73.1, , ,,2017,78,1890.4978608982058,0,2018.0090185822728
2017260N12310,MARIA,2017-09-27 00:00:00,34.4,-73.0,65,975,,2017,78,1907.8698467443762,0,2040.036002606573
2017260N12310,MARIA,2017-09-27 03:00:00,34.7,-72.9, , ,,2017,78,1935.8222643430704,0,2075.1970200847863
2017260N12310,MARIA,2017-09-27 06:00:00,34.9,-72.9,65,976,,2017,78,1956.678493910825,0,2101.059085747245
2017260N12310,MARIA,2017-09-27 09:00:00,35.1,-72.9, , ,,2017,78,1977.5639132138265,0,2127.0154785779187
2017260N12310,MARIA,2017-09-27 12:00:00,35.4,-72.8,65,977,,2017,78,2005.9155842022026,0,2162.929751700165
2017260N12310,MARIA,2017-09-27 15:00:00,35.7,-72.7, , ,,2017,78,2034.4838097973275,0,2199.2193629147505
2017260N12310,MARIA,2017-09-27 18:00:00,36.0,-72.6,65,979,,2017,78,2063.2593291272483,0,2235.8529415928333
2017260N12310,MARIA,2017-09-27 21:00:00,36.3,-72.5, , ,,2017,78,2092.2333215402537,0,2272.844055047705
2017260N12310,MARIA,2017-09-28 00:00:00,36.6,-72.2,65,979,,2017,78,2116.2293232559887,0,2304.7538122804986
2017260N12310,MARIA,2017-09-28 03:00:00,36.7,-71.8, , ,,2017,78,2117.1229496422375,0,2308.02257339922
2017260N12310,MARIA,2017-09-28 06:00:00,36.7,-71.3,60,982,,2017,78,2105.8724943582283,0,2296.3750284143075
2017260N12310,MARIA,2017-09-28 09:00:00,36.8,-70.7, , ,,2017,78,2104.67227230884,0,2297.715420873086
2017260N12310,MARIA,2017-09-28 12:00:00,36.8,-70.0,60,982,,2017,78,2092.671365456624,0,2285.7531657440086
2017260N12310,MARIA,2017-09-28 15:00:00,36.8,-69.3, , ,,2017,78,2082.853169061269,0,2276.228766386126
2017260N12310,MARIA,2017-09-28 18:00:00,36.8,-68.6,55,985,,2017,78,2075.2489885560963,0,2269.3294752974884
2017260N12310,MARIA,2017-09-28 21:00:00,36.8,-67.8, , ,,2017,78,2069.3008408035316,0,2264.604871495439
2017260N12310,MARIA,2017-09-29 00:00:00,36.9,-66.8,55,985,,2017,78,2077.1336670637147,0,2277.375627877224
2017260N12310,MARIA,2017-09-29 03:00:00,37.0,-65.8, , ,,2017,78,2089.578699108569,0,2294.5888482285013
2017260N12310,MARIA,2017-09-29 06:00:00,37.0,-64.6,50,987,,2017,78,2097.1880672062466,0,2301.9960054218104
2017260N12310,MARIA,2017-09-29 09:00:00,37.0,-63.4, , ,,2017,78,2111.2922897188437,0,2314.921845453466
2017260N12310,MARIA,2017-09-29 12:00:00,37.0,-62.0,50,988,,2017,78,2135.7791997726717,0,2338.3619279805234
2017260N12310,MARIA,2017-09-29 15:00:00,37.1,-60.6, , ,,2017,78,2179.2507887347474,0,2380.9644537454465
2017260N12310,MARIA,2017-09-29 18:00:00,37.4,-59.0,50,988,,2017,78,2257.341431897745,0,2465.1567085193124
2017260N12310,MARIA,2017-09-29 21:00:00,37.7,-57.3, , ,,2017,78,2347.071877400866,0,2563.421539383491
2017260N12310,MARIA,2017-09-30 00:00:00,38.1,-55.6,50,988,,2017,78,2454.4532866052855,0,2685.102850771942
2017260N12310,MARIA,2017-09-30 03:00:00,38.6,-53.9, , ,,2017,78,2577.4607854005376,0,2828.288744174515
2017260N12310,MARIA,2017-09-30 06:00:00,39.1,-52.2,50,988,,2017,78,2705.071488336503,0,2978.673743439451
2017260N12310,MARIA,2017-09-30 09:00:00,39.5,-50.5, , ,,2017,78,2827.668207427399,0,3122.842192820591
2017260N12310,MARIA,2017-09-30 12:00:00,40.0,-48.8,50,988,,2017,78,2962.4416329806027,0,3284.963268326241
2017260N12310,MARIA,2017-09-30 15:00:00,40.6,-47.2, , ,,2017,78,3102.1720281703297,0,3457.3785117614943
2017260N12310,MARIA,2017-09-30 18:00:00,41.2,-45.6,45,991,,2017,78,3242.977864232888,0,3632.9757916339795
2017260N12310,MARIA,2017-09-30 21:00:00,41.7,-44.1, , ,,2017,78,3370.829632284229,0,3792.884669171439
2017260N12310,MARIA,2017-10-01 00:00:00,42.2,-42.6,45,994,,2017,78,3499.373902429324,0,3955.2131573119964
2017260N12310,MARIA,2017-10-01 03:00:00,42.8,-41.1, , ,,2017,78,3635.6489740914703,0,4131.324444010824
2017260N12310,MARIA,2017-10-01 06:00:00,43.4,-39.4,45,996,,2017,78,3784.272343994788,0,4323.8499819987655
2017260N12310,MARIA,2017-10-01 09:00:00,44.1,-37.5, , ,,2017,78,3952.2907999165286,0,4545.005273475689
2017260N12310,MARIA,2017-10-01 12:00:00,44.9,-35.5,45,999,,2017,78,4132.679442973918,0,4787.730217825521
2017260N12310,MARIA,2017-10-01 15:00:00,45.7,-33.3, , ,,2017,78,4324.737131573952,0,5048.4522535252745
2017260N12310,MARIA,2017-10-01 18:00:00,46.5,-31.0,45,1003,,2017,78,4521.932203603827,0,5319.869770958596
2017260N12310,MARIA,2017-10-01 21:00:00,47.1,-28.7, , ,,2017,78,4706.369283827376,0,5571.416271517697
2017260N12310,MARIA,2017-10-02 00:00:00,47.5,-26.5,40,1005,,2017,78,4873.056661492869,0,5795.141351913115
2017260N12310,MARIA,2017-10-02 03:00:00,47.8,-24.3, , ,,2017,78,5035.0861928314125,0,6010.611503648847
2017260N12310,MARIA,2017-10-02 06:00:00,48.0,-22.0,40,1012,,2017,78,5200.028077002044,0,6226.648367003872
2017260N12310,MARIA,2017-10-02 09:00:00,48.1,-19.5, , ,,2017,78,5375.884126493486,0,6452.862798755431
2017260N12310,MARIA,2017-10-02 12:00:00,48.0,-17.0,30,1016,,2017,78,5546.477294978883,0,6662.902520098314
2020233N14313,LAURA,2020-08-20 00:00:00,14.4,-47.3,30,1008,,2020,60,2100.788769630074,0,1964.0666074058668
2020233N14313,LAURA,2020-08-20 03:00:00,14.9,-48.5, , ,,2020,60,1962.14815700112,0,1821.675624631626
2020233N14313,LAURA,2020-08-20 06:00:00,15.4,-49.6,30,1008,,2020,60,1834.6996049014926,0,1690.7478194600853
2020233N14313,LAURA,2020-08-20 09:00:00,15.8,-50.6, , ,,2020,60,1720.7791130162266,0,1573.329380423464
2020233N14313,LAURA,2020-08-20 12:00:00,16.1,-51.6,30,1008,,2020,60,1609.4754921710237,0,1458.041724255564
2020233N14313,LAURA,2020-08-20 15:00:00,16.4,-52.5, , ,,2020,60,1509.0116291478585,0,1353.944939959293
2020233N14313,LAURA,2020-08-20 18:00:00,16.6,-53.4,30,1008,,2020,60,1410.6993396444732,0,1251.5853099761634
2020233N14313,LAURA,2020-08-20 21:00:00,16.7,-54.4, , ,,2020,60,1303.7667521517415,0,1139.6931282629726
2020233N14313,LAURA,2020-08-21 00:00:00,16.8,-55.5,30,1008,,2020,60,1186.3812928272255,0,1016.7727794229747
2020233N14313,LAURA,2020-08-21 03:00:00,16.9,-56.5, , ,,2020,60,1079.5632395492848,0,904.9006497304915
2020233N14313,LAURA,2020-08-21 06:00:00,16.9,-57.5,30,1008,,2020,60,974.6789796247098,0,794.7394300849371
2020233N14313,LAURA,2020-08-21 09:00:00,16.9,-58.5, , ,,2020,60,870.0527457176624,0,684.8677262767408
2020233N14313,LAURA,2020-08-21 12:00:00,17.0,-59.4,40,1008,,2020,60,773.9673069490478,0,584.2081440507797
2020233N14313,LAURA,2020-08-21 15:00:00,17.1,-60.3, , ,,2020,60,677.9726203090798,0,483.6313409200338
2020233N14313,LAURA,2020-08-21 18:00:00,17.1,-61.1,40,1007,,2020,60,594.869419461743,0,396.71056444560554
2020233N14313,LAURA,2020-08-21 20:30:00,17.1,-61.8,40,1007,,2020,60,522.5864927481543,0,321.38003836085244
2020233N14313,LAURA,2020-08-21 21:00:00,17.1,-61.9, , ,,2020,60,512.304012071772,0,310.7149037553135
2020233N14313,LAURA,2020-08-21 23:30:00,17.1,-62.6,40,1007,,2020,60,440.73962947186055,0,237.0782457561294
2020233N14313,LAURA,2020-08-22 00:00:00,17.1,-62.8,40,1007,,2020,60,420.4577709666744,0,216.47868939752934
2020233N14313,LAURA,2020-08-22 03:00:00,17.2,-63.7, , ,,2020,60,326.49171967938213,0,122.24180687125987
2020233N14313,LAURA,2020-08-22 06:00:00,17.4,-64.4,40,1007,,2020,60,249.16999546709675,0,46.8413252885367
2020233N14313,LAURA,2020-08-22 09:00:00,17.6,-65.2, , ,,2020,60,162.47351119845578,0,1.8345962038729249
2020233N14313,LAURA,2020-08-22 12:00:00,17.7,-65.9,45,1006,,2020,60,93.17729177500351,1,0.0
2020233N14313,LAURA,2020-08-22 15:00:00,17.8,-66.7, , ,,2020,60,48.21245182257244,1,0.0
2020233N14313,LAURA,2020-08-22 18:00:00,17.9,-67.4,45,1004,,2020,60,92.75310812688976,1,0.0
2020233N14313,LAURA,2020-08-22 21:00:00,18.0,-68.1, , ,,2020,60,161.4527956012466,1,0.0
2020233N14313,LAURA,2020-08-23 00:00:00,18.2,-68.8,45,1004,,2020,60,233.43242542289192,0,44.60984683064573
2020233N14313,LAURA,2020-08-23 03:00:00,18.3,-69.6, , ,,2020,60,317.94996589268015,0,134.2215314467949
2020233N14313,LAURA,2020-08-23 04:30:00,18.4,-70.0,45,1004,,2020,60,360.5116054371357,0,179.7370300081075
2020233N14313,LAURA,2020-08-23 06:00:00,18.5,-70.3,45,1004,,2020,60,392.74385434792157,0,214.4742712800018
2020233N14313,LAURA,2020-08-23 09:00:00,18.6,-71.2, , ,,2020,60,488.1721939360217,0,315.2801015266678
2020233N14313,LAURA,2020-08-23 12:00:00,18.8,-72.3,45,1004,,2020,60,605.4719262572931,0,439.8851187299446
2020233N14313,LAURA,2020-08-23 15:00:00,19.1,-73.3, , ,,2020,60,713.5632768545275,0,555.5452192959696
2020233N14313,LAURA,2020-08-23 18:00:00,19.4,-74.3,55,1002,,2020,60,821.9566590330692,0,671.5655182437545
2020233N14313,LAURA,2020-08-23 21:00:00,19.6,-75.2, , ,,2020,60,918.4788801037956,0,774.4612036493983
2020233N14313,LAURA,2020-08-24 00:00:00,19.8,-76.0,55,1000,,2020,60,1004.5712382635786,0,866.4856902819032
2020233N14313,LAURA,2020-08-24 02:00:00,20.0,-76.6,55,1000,,2020,60,1069.957533742506,0,936.8068886880916
2020233N14313,LAURA,2020-08-24 03:00:00,20.1,-76.9, , ,,2020,60,1102.6575868151838,0,971.9996008514531
2020233N14313,LAURA,2020-08-24 06:00:00,20.2,-77.8,50,1000,,2020,60,1197.1936796492828,0,1072.35294267065
2020233N14313,LAURA,2020-08-24 09:00:00,20.5,-78.7, , ,,2020,60,1295.0779974346528,0,1177.9185565263772
2020233N14313,LAURA,2020-08-24 12:00:00,20.8,-79.7,50,1002,,2020,60,1403.1770022836897,0,1294.45134186214
2020233N14313,LAURA,2020-08-24 15:00:00,21.1,-80.6, , ,,2020,60,1500.9260351184407,0,1400.2538882210777
2020233N14313,LAURA,2020-08-24 18:00:00,21.5,-81.5,50,1001,,2020,60,1600.5776240837329,0,1509.1576035290423
2020233N14313,LAURA,2020-08-24 21:00:00,21.9,-82.4, , ,,2020,60,1700.2607112779885,0,1618.3817614056966
2020233N14313,LAURA,2020-08-25 00:00:00,22.3,-83.3,55,998,,2020,60,1799.9192523175548,0,1727.8444861633395
2020233N14313,LAURA,2020-08-25 03:00:00,22.6,-84.1, , ,,2020,60,1887.1796139527146,0,1823.432074377799
2020233N14313,LAURA,2020-08-25 06:00:00,22.8,-84.8,60,995,,2020,60,1962.0069345836664,0,1904.9970924816778
2020233N14313,LAURA,2020-08-25 09:00:00,23.1,-85.5, , ,,2020,60,2038.9900129336747,0,1990.014404833863
2020233N14313,LAURA,2020-08-25 12:00:00,23.4,-86.2,65,990,,2020,60,2115.882218237311,0,2075.1322975234007
2020233N14313,LAURA,2020-08-25 15:00:00,23.7,-86.9, , ,,2020,60,2192.67219681611,0,2160.343381757283
2020233N14313,LAURA,2020-08-25 18:00:00,24.1,-87.5,70,990,,2020,60,2261.86574670559,0,2238.7803277523226
2020233N14313,LAURA,2020-08-25 21:00:00,24.5,-88.2, , ,,2020,60,2340.9761535649795,0,2328.108566877902
2020233N14313,LAURA,2020-08-26 00:00:00,24.9,-88.9,75,983,,2020,60,2420.031328853013,0,2417.6860872109314
2020233N14313,LAURA,2020-08-26 03:00:00,25.2,-89.6, , ,,2020,60,2496.385562822024,0,2503.3993071916793
2020233N14313,LAURA,2020-08-26 06:00:00,25.6,-90.2,90,978,,2020,60,2565.4786095030586,0,2582.849722649472
2020233N14313,LAURA,2020-08-26 09:00:00,26.0,-90.8, , ,,2020,60,2634.5506375044292,0,2662.574911780034
2020233N14313,LAURA,2020-08-26 12:00:00,26.4,-91.4,100,963,,2020,60,2703.5826876402384,0,2742.5611061841455
2020233N14313,LAURA,2020-08-26 15:00:00,26.8,-92.0, , ,,2020,60,2772.557316140432,0,2822.7963207965067
2020233N14313,LAURA,2020-08-26 18:00:00,27.3,-92.5,120,952,,2020,60,2834.836829956235,0,2897.6121670012803
2020233N14313,LAURA,2020-08-26 21:00:00,27.9,-92.8, , ,,2020,60,2881.464623264635,0,2957.32513386269
2020233N14313,LAURA,2020-08-27 00:00:00,28.5,-93.0,130,937,,2020,60,2919.4691289120956,0,3008.1248591910944
2020233N14313,LAURA,2020-08-27 03:00:00,29.1,-93.2, , ,,2020,60,2958.3387907577385,0,3060.3052808844554
2020233N14313,LAURA,2020-08-27 06:00:00,29.8,-93.3,130,939,,2020,60,2992.5860316777907,0,3109.624611736083
2020233N14313,LAURA,2020-08-27 09:00:00,30.5,-93.4, , ,,2020,60,3028.2330619604218,0,3161.043900092134
2020233N14313,LAURA,2020-08-27 12:00:00,31.2,-93.3,85,970,,2020,60,3047.5701642115855,0,3195.0296468061892
2020233N14313,LAURA,2020-08-27 15:00:00,32.0,-93.1, , ,,2020,60,3064.548558099384,0,3228.86312964651
2020233N14313,LAURA,2020-08-27 18:00:00,32.8,-92.9,55,988,,2020,60,3084.227694729088,0,3266.3481067999455
2020233N14313,LAURA,2020-08-27 21:00:00,33.6,-92.7, , ,,2020,60,3106.5602932277643,0,3307.4244015082145
2020233N14313,LAURA,2020-08-28 00:00:00,34.4,-92.5,35,993,,2020,60,3131.4934793089337,0,3352.0000024449373
2020233N14313,LAURA,2020-08-28 03:00:00,35.0,-92.3, , ,,2020,60,3147.906903156944,0,3383.3973769062313
2020233N14313,LAURA,2020-08-28 06:00:00,35.4,-92.0,25,998,,2020,60,3146.713510366156,0,3391.083578814249
2020233N14313,LAURA,2020-08-28 09:00:00,35.8,-91.7, , ,,2020,60,3146.586238750638,0,3400.1282754737795
2020233N14313,LAURA,2020-08-28 12:00:00,36.1,-91.2,25,1000,,2020,60,3126.4067716772847,0,3384.646611756249
2020233N14313,LAURA,2020-08-28 15:00:00,36.6,-90.7, , ,,2020,60,3119.9697108295663,0,3389.2422927675652
2020233N14313,LAURA,2020-08-28 18:00:00,37.0,-90.0,25,1003,,2020,60,3094.7338059001727,0,3370.768638458653
2020233N14313,LAURA,2020-08-28 21:00:00,37.3,-89.1, , ,,2020,60,3051.0765539784484,0,3329.5750459061815
2020233N14313,LAURA,2020-08-29 00:00:00,37.5,-88.0,25,1004,,2020,60,2989.43475692332,0,3266.1116251265253
2020233N14313,LAURA,2020-08-29 03:00:00,37.9,-86.5, , ,,2020,60,2920.0062779380014,0,3199.3292202742477
2020233N14313,LAURA,2020-08-29 06:00:00,38.3,-84.8,20,1004,,2020,60,2845.793510062353,0,3128.0080768720213
